string,1800,1801,1802,1803,1804,1805,1806,1807,1808,1809,1810,1811,1812,1813,1814,1815,1816,1817,1818,1819,1820,1821,1822,1823,1824,1825,1826,1827,1828,1829,1830,1831,1832,1833,1834,1835,1836,1837,1838,1839,1840,1841,1842,1843,1844,1845,1846,1847,1848,1849,1850,1851,1852,1853,1854,1855,1856,1857,1858,1859,1860,1861,1862,1863,1864,1865,1866,1867,1868,1869,1870,1871,1872,1873,1874,1875,1876,1877,1878,1879,1880,1881,1882,1883,1884,1885,1886,1887,1888,1889,1890,1891,1892,1893,1894,1895,1896,1897,1898,1899,1900,1901,1902,1903,1904,1905,1906,1907,1908,1909,1910,1911,1912,1913,1914,1915,1916,1917,1918,1919,1920,1921,1922,1923,1924,1925,1926,1927,1928,1929,1930,1931,1932,1933,1934,1935,1936,1937,1938,1939,1940,1941,1942,1943,1944,1945,1946,1947,1948,1949,1950,1951,1952,1953,1954,1955,1956,1957,1958,1959,1960,1961,1962,1963,1964,1965,1966,1967,1968,1969,1970,1971,1972,1973,1974,1975,1976,1977,1978,1979,1980,1981,1982,1983,1984,1985,1986,1987,1988,1989,1990,1991,1992,1993,1994,1995,1996,1997,1998,1999,2000,2001,2002,2003,2004,2005,2006,2007,2008,2009
archi 1,0,0,0,0,0,0,0,0,0,0,0,0,0,0,0,0,0,0,0,1,0,0,0,0,1,0,0,1,0,2,0,0,0,1,1,0,0,1,0,1,0,5,0,1,0,2,2,0,0,0,3,2,1,0,0,0,0,2,11,1,9,5,4,5,2,2,8,1,3,1,0,1,8,0,5,1,0,4,1,0,4,2,3,0,3,2,1,1,1,3,0,1,0,1,4,2,0,2,0,2,4,3,3,4,2,1,0,1,2,0,1,6,0,2,3,2,4,0,0,0,0,1,1,3,2,2,4,2,0,1,0,3,2,2,0,0,2,1,2,2,2,1,2,0,1,0,0,1,0,0,0,2,2,0,1,0,1,0,0,4,0,1,1,3,4,8,2,1,5,0,6,4,3,6,0,1,2,2,1,3,0,0,0,0,0,2,1,0,0,4,0,0,0,2,4,3,3,3,6,5,2,6,3,8,3,2,0,3,2,1
archi 1_ADJ,0,0,0,0,0,0,0,0,0,0,0,0,0,0,0,0,0,0,0,0,0,0,0,0,1,0,0,0,0,0,0,0,0,1,1,0,0,1,0,1,0,1,0,1,0,2,2,0,0,0,2,2,0,0,0,0,0,2,10,1,9,3,4,5,2,2,7,1,3,1,0,1,8,0,3,1,0,3,0,0,4,2,3,0,3,2,1,1,1,3,0,1,0,1,4,1,0,2,0,2,4,3,3,4,2,1,0,1,2,0,1,5,0,2,3,2,4,0,0,0,0,0,1,3,2,2,4,2,0,0,0,3,1,2,0,0,1,1,1,1,2,1,0,0,1,0,0,1,0,0,0,2,2,0,1,0,1,0,0,4,0,0,1,3,4,7,2,1,5,0,5,4,3,4,0,1,1,2,1,3,0,0,0,0,0,2,1,0,0,4,0,0,0,2,4,3,3,2,6,5,2,6,2,3,2,2,0,3,2,1
archi Fig,0,0,0,0,0,0,0,0,0,0,0,0,0,0,0,0,0,0,0,0,0,0,0,0,0,0,0,0,0,0,0,0,0,0,0,0,0,0,0,0,0,0,0,0,0,0,0,0,0,0,0,0,0,0,0,0,0,0,0,0,0,0,0,0,0,0,0,0,0,0,0,0,0,0,0,0,0,0,0,0,0,0,0,0,0,0,0,0,5,2,2,0,1,0,0,0,0,0,0,0,0,2,0,0,0,2,2,0,0,2,0,1,2,2,0,0,0,0,0,0,0,0,0,0,0,0,1,0,0,2,3,0,0,0,0,1,0,0,0,0,0,0,0,0,0,0,2,2,2,0,0,0,0,0,0,0,0,0,0,0,0,0,0,0,0,1,0,0,1,0,0,0,0,1,0,0,0,1,0,0,0,0,0,0,0,0,0,0,1,0,0,0,1,0,0,0,0,0,0,0,1,1,0,0,0,0,0,1,0,0
archi Le,0,0,0,0,0,0,0,0,0,0,0,0,0,0,0,0,0,0,0,0,0,0,0,0,0,0,0,0,2,0,0,0,0,0,3,0,0,0,0,0,0,0,0,0,0,0,0,0,1,0,0,1,0,0,1,0,1,0,0,0,0,0,0,0,0,1,0,0,1,0,0,0,3,0,1,3,0,0,0,1,0,0,1,1,1,1,0,0,0,4,0,1,8,0,5,0,0,0,0,0,2,3,2,2,0,2,0,1,5,0,0,1,0,1,1,1,0,0,0,0,0,0,0,0,0,0,0,0,0,0,0,0,0,1,0,0,0,0,0,0,0,0,0,1,0,0,0,0,0,0,0,0,0,0,1,0,1,1,0,0,0,1,0,1,0,0,0,0,0,0,0,1,0,0,0,0,0,0,0,1,0,0,1,0,2,0,0,0,0,0,1,0,1,0,0,0,3,0,0,3,1,0,0,1,1,1,0,1,0,0
archi Le_DET,0,0,0,0,0,0,0,0,0,0,0,0,0,0,0,0,0,0,0,0,0,0,0,0,0,0,0,0,2,0,0,0,0,0,3,0,0,0,0,0,0,0,0,0,0,0,0,0,1,0,0,1,0,0,1,0,1,0,0,0,0,0,0,0,0,1,0,0,1,0,0,0,3,0,1,3,0,0,0,1,0,0,1,1,1,1,0,0,0,4,0,1,8,0,5,0,0,0,0,0,2,3,2,2,0,2,0,1,5,0,0,1,0,1,1,1,0,0,0,0,0,0,0,0,0,0,0,0,0,0,0,0,0,1,0,0,0,0,0,0,0,0,0,1,0,0,0,0,0,0,0,0,0,0,1,0,1,1,0,0,0,1,0,1,0,0,0,0,0,0,0,1,0,0,0,0,0,0,0,1,0,0,1,0,2,0,0,0,0,0,1,0,1,0,0,0,3,0,0,3,1,0,0,1,1,1,0,1,0,0
archi _ADJ_,1,4,5,9,7,1,4,4,1,8,3,8,2,1,2,3,2,6,5,9,2,19,20,17,15,15,6,7,10,23,23,9,6,13,11,11,15,15,19,15,23,30,19,23,22,33,32,25,19,43,53,28,24,27,17,14,33,14,44,22,42,38,33,42,46,37,46,25,29,46,17,19,48,21,27,22,19,19,16,12,21,21,26,24,27,34,29,19,34,25,24,35,33,31,46,47,47,37,37,26,45,40,46,34,59,34,57,54,61,45,23,26,30,40,43,17,45,36,20,24,33,23,31,35,32,46,31,33,43,34,44,36,39,50,36,37,24,35,30,32,17,21,19,10,13,20,29,30,22,25,26,23,28,39,29,22,51,34,29,30,39,59,41,53,49,73,58,76,110,74,80,85,95,66,77,83,82,72,90,92,72,77,79,63,129,94,103,96,101,117,124,117,102,110,102,90,141,105,111,160,148,149,171,207,134,153,174,158,175,132
archi _ADP_,1,0,2,0,0,0,2,0,1,0,5,3,1,0,0,1,0,1,1,1,0,4,15,0,4,0,2,4,1,3,11,1,1,0,3,2,1,0,3,4,11,0,0,0,1,2,2,3,2,2,0,3,2,2,2,1,2,0,1,0,2,0,2,2,1,4,1,1,2,1,1,0,4,2,0,3,0,1,2,0,1,2,11,0,2,1,4,2,2,5,0,8,7,1,4,2,0,2,2,0,1,2,2,2,5,4,2,2,3,1,1,1,1,0,6,1,0,1,0,0,0,3,1,1,0,0,1,1,1,1,2,0,1,1,2,1,2,1,1,0,1,0,1,0,0,0,1,3,0,0,2,0,1,2,3,2,1,2,2,1,1,1,4,1,4,2,5,3,6,5,2,2,7,0,7,5,7,1,8,2,0,1,2,7,6,7,4,2,4,2,1,1,4,2,2,1,4,1,4,9,6,6,5,13,18,4,12,5,5,13
archi _ADV_,0,0,0,1,2,2,0,0,0,1,0,1,0,0,0,1,2,2,1,3,0,0,0,0,1,9,0,2,0,3,2,2,0,4,0,2,4,1,4,0,0,3,3,5,4,4,5,4,3,6,0,4,0,3,1,2,0,3,1,2,2,9,3,3,6,3,2,2,2,9,2,2,7,1,6,1,3,2,1,9,2,5,5,4,0,2,0,3,3,2,4,2,2,3,2,2,5,2,4,2,4,5,8,7,10,3,2,3,6,1,1,2,1,0,0,6,0,1,2,1,0,5,3,2,3,3,0,0,2,4,1,1,4,1,3,0,1,0,0,4,3,0,2,0,0,0,0,3,2,0,2,2,2,0,5,0,2,1,2,4,1,4,2,6,3,9,2,2,2,4,3,7,4,2,3,3,3,5,1,3,3,7,9,0,9,13,2,4,3,4,3,6,4,4,5,4,5,3,6,4,9,5,13,7,8,8,8,11,15,6
archi _CONJ_,0,1,1,0,0,1,0,0,0,0,0,6,0,0,0,0,0,1,0,4,0,2,13,0,2,0,1,1,1,2,0,0,0,0,3,1,0,5,1,1,0,4,1,0,2,0,2,0,0,1,1,3,2,0,0,1,2,0,1,1,2,0,0,8,0,8,1,3,1,2,0,0,1,1,0,4,0,0,0,0,0,1,2,0,0,2,0,0,1,0,0,3,0,0,0,3,0,0,0,2,1,4,1,1,2,3,2,1,0,0,0,2,1,0,1,1,1,0,0,1,0,1,0,1,0,1,0,1,0,0,1,0,3,0,0,0,2,0,0,0,1,0,0,0,0,0,0,0,0,0,1,0,1,3,2,11,2,2,0,0,6,4,0,2,1,0,0,1,2,4,1,2,0,5,1,0,3,1,5,0,4,0,2,2,1,0,1,0,0,1,2,3,1,1,0,9,2,2,5,2,0,3,5,10,1,3,3,2,1,1
archi _DET_,4,3,8,13,8,6,19,7,12,6,7,17,7,2,6,15,2,6,12,19,13,18,29,10,16,17,18,35,27,26,31,12,13,24,25,36,19,33,21,25,21,46,15,24,24,17,9,22,6,34,38,30,19,52,29,13,43,14,27,30,38,20,31,22,34,7,44,79,30,14,12,7,21,21,21,22,14,36,21,20,33,5,10,16,5,22,11,9,23,17,24,24,27,17,20,17,13,17,21,12,20,29,31,15,13,22,21,14,19,10,10,19,5,13,18,10,3,4,15,2,5,8,3,8,9,8,8,6,12,10,9,8,11,6,7,10,5,3,10,7,6,3,7,5,2,3,6,7,5,14,7,14,6,3,14,7,3,4,5,4,6,7,7,8,7,15,4,7,16,23,20,13,18,10,11,16,16,17,12,22,19,9,12,8,14,13,17,12,16,14,21,7,17,15,22,22,34,18,15,18,22,7,19,34,17,19,18,16,14,8
archi _NOUN_,15,27,59,76,49,48,65,66,95,63,72,40,40,33,39,55,65,65,84,92,53,156,146,147,146,136,148,95,144,187,193,141,75,87,172,124,187,118,228,93,145,156,112,98,128,155,83,104,63,59,93,101,79,115,136,111,117,69,128,78,106,119,111,114,74,161,97,115,122,89,60,36,74,80,86,101,91,73,63,88,49,58,79,105,77,88,54,85,98,114,117,142,108,70,113,106,70,88,112,89,75,111,109,103,109,110,83,105,151,83,64,83,78,69,60,31,49,38,32,45,35,73,77,84,53,64,74,77,74,84,67,38,59,54,55,56,41,48,47,31,23,34,18,22,15,25,54,30,47,44,58,49,50,52,62,55,52,45,55,50,69,86,88,85,51,77,121,154,192,123,143,123,136,193,129,129,135,145,157,138,112,148,223,155,231,161,153,223,139,169,223,201,238,175,256,172,309,257,309,261,264,251,277,312,309,315,406,373,334,222
archi _PRON_,0,1,0,0,1,0,2,0,2,1,0,2,0,0,0,0,0,2,2,3,1,9,13,1,6,0,3,1,11,4,1,1,1,3,1,0,4,9,1,4,1,3,4,3,2,3,2,1,1,1,2,16,5,4,1,0,0,7,1,3,1,2,3,0,7,1,6,4,3,1,1,1,1,4,2,1,2,1,3,1,5,2,1,0,1,4,1,0,0,1,0,1,2,1,6,0,2,0,0,0,2,5,0,3,1,0,4,0,2,0,4,1,0,0,2,1,0,0,1,1,0,0,1,1,0,0,3,3,2,0,0,1,4,1,2,1,2,3,4,1,0,0,0,0,0,0,0,1,0,1,0,2,0,1,1,0,3,1,1,1,4,6,1,0,1,3,2,2,5,2,3,1,1,5,5,1,1,3,1,4,3,5,6,3,7,1,9,6,3,5,3,6,5,5,3,1,3,5,5,9,3,9,6,8,2,5,6,4,15,4
archi _PRT_,11,10,4,35,88,213,121,45,117,73,23,190,32,26,69,118,52,31,128,179,51,116,136,133,166,113,128,85,615,251,569,95,57,154,184,183,126,107,386,113,175,107,112,102,77,174,45,85,58,91,88,66,69,74,52,74,56,92,90,80,72,117,93,96,59,73,67,53,246,84,90,37,53,46,40,56,47,36,69,52,85,37,48,69,42,96,53,64,89,84,73,76,88,62,54,73,80,65,107,76,91,90,95,98,95,136,73,78,148,80,63,75,101,99,112,58,41,29,36,61,49,60,75,86,57,90,72,72,71,62,90,48,52,47,60,58,46,40,53,32,21,17,24,48,19,23,60,41,62,45,68,39,50,40,77,56,88,80,73,62,63,83,108,112,103,103,128,175,154,167,175,139,137,177,147,148,208,161,152,157,145,138,167,131,131,154,214,151,130,177,184,159,191,192,215,237,281,246,228,285,303,282,317,265,331,317,355,306,314,209
archi _VERB_,1,0,0,1,0,0,1,0,1,0,0,1,0,0,4,2,1,2,2,16,3,3,5,10,16,2,2,5,10,14,9,6,4,5,4,7,4,9,8,4,5,8,10,7,3,10,8,1,2,9,6,6,14,2,6,8,2,9,10,6,4,6,7,3,12,12,10,8,11,8,5,3,3,1,6,15,4,11,4,2,5,1,6,10,4,3,4,11,12,5,1,6,3,3,5,9,4,17,12,9,4,14,4,9,10,16,14,18,9,13,7,15,5,14,10,2,3,4,9,16,9,4,7,13,6,10,13,16,10,8,14,6,7,14,5,11,5,9,5,6,10,6,5,3,2,2,7,3,9,14,3,8,9,14,10,5,5,3,7,8,14,19,7,18,12,20,14,25,28,12,20,18,20,18,20,35,30,20,22,35,27,16,19,33,29,22,24,22,22,11,23,38,22,16,31,20,26,25,30,42,49,41,28,59,38,40,38,38,43,28
archi _X_,1,0,1,0,0,2,0,5,4,3,0,0,2,0,0,0,5,4,1,6,1,3,13,6,14,3,1,5,1,2,1,2,24,9,3,11,3,22,8,6,5,19,7,5,1,9,8,13,0,3,16,4,10,4,0,33,2,5,5,8,6,2,11,4,10,11,2,11,7,11,1,1,2,5,15,2,4,2,6,12,12,5,2,5,5,4,4,2,11,5,13,2,10,11,10,6,7,4,12,7,3,19,20,12,16,6,6,9,5,4,11,10,8,5,4,3,0,5,2,2,6,3,5,8,22,2,7,6,6,5,8,5,7,3,6,10,3,4,9,4,48,2,4,2,1,8,4,2,0,1,7,8,3,4,12,12,7,8,2,1,10,9,4,2,3,6,7,12,11,20,7,23,43,31,10,21,16,20,23,22,27,23,20,21,13,25,26,14,23,16,10,8,35,17,22,40,15,20,34,38,53,35,15,40,37,37,30,27,26,16
archi a,0,0,0,0,0,0,0,0,0,0,0,0,0,0,0,0,0,0,0,0,1,0,0,0,0,0,0,0,0,0,0,0,0,0,0,0,0,0,0,0,0,0,2,1,0,0,0,0,0,0,0,0,0,0,0,2,0,0,2,0,0,0,0,0,0,6,1,1,0,0,0,0,0,0,0,0,0,0,1,0,0,0,0,0,0,0,0,0,0,0,0,0,1,0,0,0,0,2,0,1,0,0,0,0,0,1,0,0,0,0,2,2,1,1,0,0,0,0,0,0,4,0,0,0,3,0,0,0,0,0,0,0,3,0,0,0,0,1,1,1,2,0,1,0,0,0,0,1,0,0,0,0,0,0,0,0,2,0,0,1,1,0,0,0,0,0,0,0,0,0,1,0,1,2,1,0,2,0,0,4,3,0,1,0,0,1,1,2,2,0,0,0,0,0,4,0,0,1,0,0,4,1,0,0,1,0,2,0,0,1
archi a_VERB,0,0,0,0,0,0,0,0,0,0,0,0,0,0,0,0,0,0,0,0,1,0,0,0,0,0,0,0,0,0,0,0,0,0,0,0,0,0,0,0,0,0,2,1,0,0,0,0,0,0,0,0,0,0,0,2,0,0,2,0,0,0,0,0,0,6,1,1,0,0,0,0,0,0,0,0,0,0,1,0,0,0,0,0,0,0,0,0,0,0,0,0,0,0,0,0,0,2,0,1,0,0,0,0,0,1,0,0,0,0,2,2,1,1,0,0,0,0,0,0,4,0,0,0,3,0,0,0,0,0,0,0,3,0,0,0,0,1,1,1,2,0,1,0,0,0,0,1,0,0,0,0,0,0,0,0,2,0,0,1,1,0,0,0,0,0,0,0,0,0,1,0,1,2,1,0,2,0,0,4,3,0,1,0,0,1,1,2,2,0,0,0,0,0,4,0,0,1,0,0,4,1,0,0,1,0,2,0,0,1
archi chancelier,0,0,0,1,2,4,1,1,8,4,1,1,0,1,1,1,1,5,3,1,1,0,1,1,0,1,1,6,0,1,2,1,0,6,5,1,2,1,2,1,1,0,0,0,1,7,0,6,5,1,0,3,0,0,0,0,2,0,7,2,4,2,1,4,0,0,2,2,0,6,2,0,1,0,5,1,0,0,0,4,2,0,0,0,0,0,0,2,3,4,0,4,0,1,4,0,1,3,0,0,0,0,2,0,6,3,0,0,2,1,5,1,0,1,0,0,0,0,0,0,1,0,0,1,0,0,1,0,0,1,1,0,0,0,0,0,0,0,0,0,0,0,0,0,0,1,1,0,0,1,0,0,0,0,1,0,0,0,0,0,1,0,0,0,0,0,0,0,0,0,0,0,0,0,0,0,0,1,0,0,0,0,0,0,0,0,0,0,0,1,0,0,0,2,0,0,0,0,1,3,2,0,1,0,0,0,1,2,0,0
archi chancelier_NOUN,0,0,0,1,2,4,1,1,8,4,1,1,0,1,1,1,1,5,3,1,1,0,1,1,0,1,1,6,0,1,2,1,0,6,5,1,2,1,2,1,1,0,0,0,1,7,0,6,5,1,0,3,0,0,0,0,2,0,7,2,4,2,1,4,0,0,2,2,0,6,2,0,1,0,5,1,0,0,0,4,2,0,0,0,0,0,0,2,3,4,0,4,0,1,4,0,1,3,0,0,0,0,2,0,6,3,0,0,2,1,5,1,0,1,0,0,0,0,0,0,1,0,0,1,0,0,1,0,0,1,1,0,0,0,0,0,0,0,0,0,0,0,0,0,0,1,1,0,0,1,0,0,0,0,1,0,0,0,0,0,1,0,0,0,0,0,0,0,0,0,0,0,0,0,0,0,0,1,0,0,0,0,0,0,0,0,0,0,0,1,0,0,0,2,0,0,0,0,1,3,2,0,1,0,0,0,1,2,0,0
archi comble,0,0,0,0,0,0,0,0,0,0,0,0,0,0,0,0,0,0,0,0,0,0,0,0,0,0,0,0,0,0,0,0,0,0,0,0,0,0,0,0,0,0,0,0,0,0,0,0,0,0,0,0,0,0,0,0,0,0,0,0,0,0,0,0,0,0,0,0,0,0,0,0,0,0,0,0,0,0,0,0,0,0,0,0,0,0,0,0,0,0,0,0,0,0,0,0,0,0,0,0,0,0,0,1,0,0,0,0,0,0,0,0,1,0,0,0,0,0,0,0,0,0,0,0,1,0,1,1,0,0,0,0,0,0,0,0,0,0,0,0,0,0,0,0,0,0,1,0,1,0,0,0,0,0,0,0,0,0,0,0,0,0,0,0,0,0,0,0,22,1,1,0,2,2,1,0,2,3,3,0,1,1,1,0,20,1,1,2,0,0,0,0,0,0,2,2,1,4,9,1,4,2,5,7,1,5,3,10,7,5
archi comble_NOUN,0,0,0,0,0,0,0,0,0,0,0,0,0,0,0,0,0,0,0,0,0,0,0,0,0,0,0,0,0,0,0,0,0,0,0,0,0,0,0,0,0,0,0,0,0,0,0,0,0,0,0,0,0,0,0,0,0,0,0,0,0,0,0,0,0,0,0,0,0,0,0,0,0,0,0,0,0,0,0,0,0,0,0,0,0,0,0,0,0,0,0,0,0,0,0,0,0,0,0,0,0,0,0,1,0,0,0,0,0,0,0,0,1,0,0,0,0,0,0,0,0,0,0,0,1,0,1,1,0,0,0,0,0,0,0,0,0,0,0,0,0,0,0,0,0,0,1,0,0,0,0,0,0,0,0,0,0,0,0,0,0,0,0,0,0,0,0,0,21,1,1,0,2,2,1,0,1,3,3,0,0,1,1,0,19,1,1,0,0,0,0,0,0,0,2,2,1,4,8,1,3,2,5,7,1,5,2,10,7,5
archi connu,0,0,0,0,0,0,0,0,0,0,0,0,0,0,0,0,0,0,0,0,0,0,0,0,0,0,0,0,0,0,0,0,0,0,0,0,0,0,0,0,0,0,0,0,0,0,0,0,0,0,0,0,0,0,0,0,0,0,0,0,0,0,0,0,0,0,0,0,0,0,0,0,0,0,0,0,0,0,0,0,0,0,0,0,0,0,0,1,0,0,0,0,0,0,1,0,0,0,0,0,0,0,1,1,0,0,0,2,0,2,0,0,0,0,0,0,0,0,0,0,1,0,0,0,1,1,4,0,0,1,0,0,0,0,0,1,0,0,0,1,0,0,2,0,0,1,0,0,0,2,0,1,0,0,0,0,0,0,1,0,0,5,0,2,2,0,2,0,0,0,0,1,2,2,0,0,0,0,0,2,0,0,2,4,3,0,1,1,2,1,2,4,0,0,1,3,0,2,0,2,1,2,1,0,4,4,2,0,1,3
archi connu_VERB,0,0,0,0,0,0,0,0,0,0,0,0,0,0,0,0,0,0,0,0,0,0,0,0,0,0,0,0,0,0,0,0,0,0,0,0,0,0,0,0,0,0,0,0,0,0,0,0,0,0,0,0,0,0,0,0,0,0,0,0,0,0,0,0,0,0,0,0,0,0,0,0,0,0,0,0,0,0,0,0,0,0,0,0,0,0,0,1,0,0,0,0,0,0,1,0,0,0,0,0,0,0,1,1,0,0,0,2,0,0,0,0,0,0,0,0,0,0,0,0,1,0,0,0,1,1,4,0,0,0,0,0,0,0,0,1,0,0,0,1,0,0,1,0,0,1,0,0,0,2,0,1,0,0,0,0,0,0,1,0,0,5,0,2,2,0,1,0,0,0,0,1,2,2,0,0,0,0,0,2,0,0,2,4,3,0,1,1,2,1,2,4,0,0,1,3,0,2,0,1,1,2,1,0,4,4,2,0,1,3
archi connus,0,0,0,0,0,0,0,0,0,0,0,0,0,0,0,0,0,0,0,0,0,0,0,0,0,0,0,0,0,0,0,0,0,0,0,0,0,0,0,0,0,0,0,0,0,0,0,0,0,0,0,0,0,0,0,0,0,0,0,0,0,0,0,0,0,0,0,0,0,0,0,0,0,0,0,0,0,0,0,0,0,0,0,0,0,0,0,0,0,0,0,0,0,0,0,0,0,0,0,0,0,0,0,0,0,0,0,0,1,0,0,0,0,1,0,0,0,0,1,2,2,0,0,0,0,0,0,0,0,0,0,0,0,2,0,0,0,0,0,0,0,0,0,0,0,0,0,0,0,0,0,0,0,2,1,0,1,0,0,0,0,0,0,0,0,0,0,1,0,0,0,0,0,0,0,0,1,0,1,0,2,0,0,0,0,1,3,0,0,1,0,1,0,1,0,3,2,0,3,2,1,0,0,6,0,1,0,1,3,1
archi connus_VERB,0,0,0,0,0,0,0,0,0,0,0,0,0,0,0,0,0,0,0,0,0,0,0,0,0,0,0,0,0,0,0,0,0,0,0,0,0,0,0,0,0,0,0,0,0,0,0,0,0,0,0,0,0,0,0,0,0,0,0,0,0,0,0,0,0,0,0,0,0,0,0,0,0,0,0,0,0,0,0,0,0,0,0,0,0,0,0,0,0,0,0,0,0,0,0,0,0,0,0,0,0,0,0,0,0,0,0,0,1,0,0,0,0,1,0,0,0,0,1,2,0,0,0,0,0,0,0,0,0,0,0,0,0,0,0,0,0,0,0,0,0,0,0,0,0,0,0,0,0,0,0,0,0,2,1,0,1,0,0,0,0,0,0,0,0,0,0,1,0,0,0,0,0,0,0,0,0,0,1,0,2,0,0,0,0,1,3,0,0,0,0,1,0,1,0,3,2,0,3,2,1,0,0,6,0,1,0,1,2,1
archi de,0,0,0,0,0,0,2,0,0,0,4,0,1,0,0,1,0,1,1,0,0,0,5,0,0,0,0,1,0,0,0,0,0,0,0,1,1,0,3,0,1,0,0,0,0,1,0,2,0,0,0,0,2,0,1,0,1,0,0,0,0,0,1,2,0,0,0,1,0,1,1,0,0,0,0,0,0,1,0,0,0,1,10,0,1,0,1,0,2,1,0,0,2,0,0,0,0,1,1,0,0,0,0,0,0,1,1,1,1,0,1,0,1,0,2,0,0,0,0,0,0,2,0,0,0,0,0,1,0,0,0,0,0,1,0,1,0,0,0,0,0,0,1,0,0,0,0,2,0,0,1,0,0,0,1,0,0,1,1,0,1,0,3,1,0,1,0,0,0,1,1,2,7,0,2,1,0,0,3,1,0,0,0,0,0,0,0,1,0,2,0,1,1,1,2,1,1,0,0,1,2,1,0,1,8,0,4,2,0,4
archi de_ADP,0,0,0,0,0,0,2,0,0,0,4,0,1,0,0,1,0,1,1,0,0,0,5,0,0,0,0,1,0,0,0,0,0,0,0,1,1,0,3,0,1,0,0,0,0,1,0,2,0,0,0,0,2,0,1,0,1,0,0,0,0,0,1,2,0,0,0,1,0,1,1,0,0,0,0,0,0,1,0,0,0,1,10,0,1,0,1,0,2,1,0,0,2,0,0,0,0,1,1,0,0,0,0,0,0,1,1,1,1,0,1,0,1,0,2,0,0,0,0,0,0,2,0,0,0,0,0,1,0,0,0,0,0,1,0,1,0,0,0,0,0,0,1,0,0,0,0,2,0,0,1,0,0,0,1,0,0,1,1,0,1,0,3,1,0,1,0,0,0,1,1,1,3,0,2,1,0,0,3,1,0,0,0,0,0,0,0,1,0,2,0,1,1,1,2,1,1,0,0,1,1,1,0,1,8,0,4,2,0,4
archi di,0,0,0,0,0,0,0,0,0,0,0,0,0,0,0,0,0,0,0,0,0,0,5,0,1,0,0,0,0,0,0,0,0,0,0,1,0,2,2,0,0,0,0,0,0,0,0,0,0,0,1,0,0,0,0,4,2,1,0,0,3,0,3,0,0,0,0,0,0,0,0,0,0,0,2,0,0,0,0,0,3,0,0,0,0,0,0,0,0,0,2,0,0,0,0,0,0,0,0,0,0,0,0,4,0,0,0,0,0,0,2,0,0,0,0,0,0,0,0,0,0,0,0,1,15,0,0,0,0,0,0,1,0,0,0,0,0,0,3,1,5,0,2,0,0,2,0,0,0,0,1,0,0,0,0,0,0,0,0,0,3,0,0,0,0,0,0,0,0,1,0,0,1,3,0,0,2,3,3,1,1,2,3,2,0,3,1,1,7,1,1,0,0,5,4,13,4,2,6,1,8,5,2,7,1,2,3,4,3,1
archi di_X,0,0,0,0,0,0,0,0,0,0,0,0,0,0,0,0,0,0,0,0,0,0,5,0,1,0,0,0,0,0,0,0,0,0,0,1,0,2,2,0,0,0,0,0,0,0,0,0,0,0,1,0,0,0,0,4,1,1,0,0,3,0,3,0,0,0,0,0,0,0,0,0,0,0,2,0,0,0,0,0,3,0,0,0,0,0,0,0,0,0,2,0,0,0,0,0,0,0,0,0,0,0,0,4,0,0,0,0,0,0,2,0,0,0,0,0,0,0,0,0,0,0,0,1,15,0,0,0,0,0,0,1,0,0,0,0,0,0,3,1,5,0,2,0,0,2,0,0,0,0,1,0,0,0,0,0,0,0,0,0,0,0,0,0,0,0,0,0,0,1,0,0,1,3,0,0,2,3,3,1,1,2,3,2,0,3,1,1,4,1,1,0,0,5,4,11,2,2,6,1,8,5,2,6,1,2,2,4,3,1
archi diacre,0,0,0,0,0,0,1,0,0,0,0,0,0,0,0,0,0,0,0,1,0,0,0,0,0,0,1,0,0,0,0,1,0,0,0,0,0,0,0,0,0,0,0,2,1,0,3,0,0,0,0,1,3,0,5,2,0,0,0,0,1,1,0,1,1,0,0,0,0,1,0,0,0,1,0,0,4,0,0,0,1,2,0,0,1,0,0,0,0,1,0,1,0,1,1,0,0,0,0,0,0,1,0,1,1,2,1,0,0,0,0,2,0,0,0,0,0,1,0,0,0,0,0,0,0,0,0,0,2,0,1,0,2,0,0,0,1,0,0,0,0,0,0,0,0,0,1,0,0,0,0,0,0,0,0,0,0,0,0,0,0,0,0,0,0,0,0,1,0,0,0,0,0,0,0,0,0,0,0,0,0,0,0,0,0,0,0,0,0,0,0,0,0,0,0,0,0,0,0,0,1,0,0,0,0,0,0,0,0,0
archi diacre_NOUN,0,0,0,0,0,0,1,0,0,0,0,0,0,0,0,0,0,0,0,1,0,0,0,0,0,0,1,0,0,0,0,1,0,0,0,0,0,0,0,0,0,0,0,1,1,0,3,0,0,0,0,1,3,0,5,1,0,0,0,0,1,1,0,1,1,0,0,0,0,1,0,0,0,1,0,0,4,0,0,0,1,2,0,0,1,0,0,0,0,1,0,1,0,1,0,0,0,0,0,0,0,1,0,1,1,2,1,0,0,0,0,2,0,0,0,0,0,0,0,0,0,0,0,0,0,0,0,0,2,0,0,0,2,0,0,0,1,0,0,0,0,0,0,0,0,0,1,0,0,0,0,0,0,0,0,0,0,0,0,0,0,0,0,0,0,0,0,0,0,0,0,0,0,0,0,0,0,0,0,0,0,0,0,0,0,0,0,0,0,0,0,0,0,0,0,0,0,0,0,0,1,0,0,0,0,0,0,0,0,0
archi diocèse,0,0,0,0,0,0,0,0,0,0,0,0,0,0,0,0,0,0,0,0,0,0,0,0,0,0,0,0,0,0,0,0,0,0,0,0,0,0,0,0,0,0,0,2,0,0,0,0,0,0,0,0,0,0,0,0,0,0,0,0,0,0,1,0,1,0,0,0,0,0,0,0,0,0,0,0,1,2,0,0,0,0,0,0,0,0,0,0,1,0,0,1,0,1,0,1,1,0,0,0,0,0,0,0,0,0,0,0,0,0,0,0,0,0,1,0,0,0,0,2,0,0,0,0,1,0,0,0,0,0,0,0,0,1,0,2,0,0,0,0,0,0,0,0,0,0,0,0,0,0,0,0,1,0,0,0,0,0,0,0,0,0,0,1,1,1,0,0,1,0,0,1,0,0,0,0,0,0,0,2,0,2,4,0,0,1,0,0,0,3,6,0,0,1,2,0,0,2,0,2,0,1,1,2,1,3,0,2,0,4
archi duc,0,2,1,0,0,0,1,0,0,0,4,0,0,0,0,0,0,2,1,1,1,2,1,0,0,1,2,2,1,1,0,0,0,0,0,0,0,0,0,0,0,2,1,0,0,0,0,0,0,0,1,0,1,1,1,0,0,0,0,1,1,0,1,1,0,0,0,0,1,0,0,0,0,0,1,1,1,0,4,0,0,0,0,0,0,0,0,0,0,0,0,0,0,0,0,1,0,0,0,1,0,0,0,0,1,0,2,0,0,1,0,0,0,0,0,2,1,0,0,0,1,0,0,0,1,0,0,0,0,0,1,0,0,0,0,0,0,0,0,0,0,0,0,0,0,0,0,0,0,0,0,0,0,0,1,0,0,0,0,0,0,0,0,0,1,0,0,0,0,0,0,0,0,0,0,0,0,0,0,0,0,0,0,0,0,0,0,0,0,0,0,0,0,0,0,0,0,0,0,0,0,0,0,0,0,0,0,3,2,0
archi duchesse,0,0,0,0,0,0,0,0,0,1,0,0,0,0,0,1,0,1,2,1,0,0,1,0,0,0,2,3,0,1,1,0,1,0,1,0,1,0,0,2,5,2,1,4,0,6,0,0,0,4,1,1,0,0,0,0,1,0,0,0,0,0,1,0,0,0,0,0,0,0,0,0,1,0,0,3,0,0,0,0,0,0,0,0,0,0,0,0,3,0,0,0,0,0,0,0,0,0,0,0,1,0,0,0,0,1,0,0,0,0,0,2,0,0,1,0,0,1,0,0,0,0,0,0,0,0,0,0,0,0,0,0,0,0,0,0,0,0,0,0,0,0,0,0,0,0,0,0,0,0,0,0,0,0,0,0,0,0,0,0,0,0,0,0,0,0,0,1,0,0,0,0,1,0,0,0,0,0,0,0,0,0,0,0,0,0,0,0,0,0,0,0,0,0,0,0,0,0,0,0,0,0,0,0,0,0,0,0,0,0
archi e,1,0,0,0,0,0,0,0,1,0,0,0,0,0,0,0,0,0,0,0,0,0,5,0,8,0,0,1,0,0,0,0,14,5,0,9,0,3,0,0,1,0,2,0,1,1,0,0,0,0,0,0,4,0,0,1,0,0,0,0,1,0,0,0,0,0,0,0,0,0,0,4,0,0,0,0,0,0,0,0,0,0,0,0,0,0,0,0,0,0,0,0,0,2,0,0,0,0,0,0,0,4,1,0,2,0,0,0,0,0,0,0,1,0,0,0,0,0,0,0,0,0,0,3,1,0,0,2,0,0,0,0,0,0,0,0,0,1,1,1,3,0,0,0,0,0,0,0,0,0,4,0,1,0,2,0,3,0,0,0,3,0,0,2,0,0,0,3,2,3,1,12,5,5,3,7,0,3,5,8,3,1,3,0,0,6,4,3,3,1,4,2,5,2,1,10,4,1,11,2,6,5,0,19,3,5,3,2,2,0
archi e_X,1,0,0,0,0,0,0,0,1,0,0,0,0,0,0,0,0,0,0,0,0,0,5,0,4,0,0,1,0,0,0,0,14,5,0,6,0,2,0,0,0,0,0,0,0,1,0,0,0,0,0,0,4,0,0,1,0,0,0,0,1,0,0,0,0,0,0,0,0,0,0,0,0,0,0,0,0,0,0,0,0,0,0,0,0,0,0,0,0,0,0,0,0,2,0,0,0,0,0,0,0,2,1,0,2,0,0,0,0,0,0,0,1,0,0,0,0,0,0,0,0,0,0,3,1,0,0,2,0,0,0,0,0,0,0,0,0,1,1,1,2,0,0,0,0,0,0,0,0,0,4,0,1,0,1,0,3,0,0,0,3,0,0,1,0,0,0,0,0,3,0,10,5,5,3,3,0,3,4,4,3,1,3,0,0,1,4,2,3,1,0,1,4,1,1,10,4,0,11,2,4,3,0,12,2,5,1,1,1,0
archi et,0,1,1,0,0,0,0,0,0,0,0,3,0,0,0,0,0,0,0,4,0,0,5,0,1,0,0,1,1,0,0,0,0,0,0,0,0,2,1,0,0,1,1,0,2,0,2,0,0,0,0,1,0,0,0,0,2,0,1,0,2,0,0,0,0,0,1,0,0,2,0,0,0,0,0,4,0,0,0,0,0,1,2,0,0,0,0,0,1,0,0,3,0,0,0,0,0,0,0,0,0,3,0,1,1,3,1,1,0,0,0,1,1,0,0,1,0,0,0,0,0,0,0,1,0,0,0,0,0,0,0,0,3,0,0,0,1,0,0,0,0,0,0,0,0,0,0,0,0,0,1,0,0,3,2,10,1,0,0,0,4,4,0,1,0,0,0,0,0,1,0,0,0,2,0,0,2,1,0,0,4,0,2,1,0,0,1,0,0,1,0,0,0,0,0,9,0,2,1,2,0,1,2,3,1,0,1,0,1,0
archi et_CONJ,0,1,1,0,0,0,0,0,0,0,0,3,0,0,0,0,0,0,0,4,0,0,5,0,1,0,0,1,1,0,0,0,0,0,0,0,0,2,1,0,0,1,1,0,2,0,2,0,0,0,0,1,0,0,0,0,2,0,1,0,2,0,0,0,0,0,1,0,0,2,0,0,0,0,0,4,0,0,0,0,0,1,2,0,0,0,0,0,1,0,0,3,0,0,0,0,0,0,0,0,0,3,0,1,1,3,1,1,0,0,0,1,1,0,0,1,0,0,0,0,0,0,0,1,0,0,0,0,0,0,0,0,3,0,0,0,1,0,0,0,0,0,0,0,0,0,0,0,0,0,1,0,0,3,2,10,1,0,0,0,4,4,0,1,0,0,0,0,0,1,0,0,0,2,0,0,2,1,0,0,4,0,2,1,0,0,1,0,0,1,0,0,0,0,0,9,0,2,1,2,0,1,2,3,1,0,1,0,1,0
archi faux,0,0,0,0,0,0,0,0,0,0,0,0,0,0,0,0,0,0,0,0,0,0,0,0,0,0,0,0,0,0,0,0,0,0,0,0,0,0,0,0,0,0,0,0,0,0,0,0,0,0,0,0,0,0,0,0,0,0,0,0,0,0,0,0,0,0,0,0,0,0,0,0,0,0,0,0,0,0,0,3,0,0,0,0,0,0,0,0,0,0,0,0,0,0,0,0,0,0,0,0,3,0,0,0,0,0,0,0,0,0,0,0,0,0,0,1,0,0,0,0,0,0,0,0,2,0,0,2,0,0,0,3,0,0,0,0,1,0,0,0,0,0,0,0,0,0,1,0,0,0,0,0,0,0,0,0,0,0,0,0,0,1,0,0,0,0,0,0,1,0,0,0,0,1,3,3,0,2,0,2,0,1,1,0,6,4,1,1,1,0,0,1,0,1,0,9,3,1,1,6,2,1,2,2,2,4,3,8,3,7
archi faux_ADJ,0,0,0,0,0,0,0,0,0,0,0,0,0,0,0,0,0,0,0,0,0,0,0,0,0,0,0,0,0,0,0,0,0,0,0,0,0,0,0,0,0,0,0,0,0,0,0,0,0,0,0,0,0,0,0,0,0,0,0,0,0,0,0,0,0,0,0,0,0,0,0,0,0,0,0,0,0,0,0,3,0,0,0,0,0,0,0,0,0,0,0,0,0,0,0,0,0,0,0,0,3,0,0,0,0,0,0,0,0,0,0,0,0,0,0,1,0,0,0,0,0,0,0,0,2,0,0,2,0,0,0,3,0,0,0,0,1,0,0,0,0,0,0,0,0,0,1,0,0,0,0,0,0,0,0,0,0,0,0,0,0,1,0,0,0,0,0,0,1,0,0,0,0,1,3,3,0,2,0,2,0,1,1,0,6,4,1,1,1,0,0,1,0,1,0,9,3,1,1,6,2,1,2,2,2,4,3,8,3,7
archi in,0,0,0,0,0,0,0,2,0,0,0,0,0,0,0,0,0,0,0,0,0,0,0,0,0,0,0,0,0,0,0,0,0,0,0,0,0,0,0,0,0,0,0,0,0,0,0,0,0,0,0,0,0,0,0,1,1,0,0,0,0,0,0,1,0,0,0,0,0,0,0,0,0,0,0,0,0,0,0,0,0,0,0,0,0,0,0,0,0,1,0,0,0,0,0,0,0,0,0,1,0,0,0,0,3,0,1,0,0,0,0,0,0,1,1,0,0,0,0,0,0,0,0,0,0,0,0,0,0,0,0,0,0,0,0,0,0,0,0,0,5,0,0,0,0,0,1,0,0,0,0,0,0,0,0,0,0,0,0,0,0,0,0,0,0,0,0,0,0,0,0,1,3,3,0,2,0,0,0,0,0,0,0,0,0,2,0,0,0,0,0,1,1,0,2,1,0,0,0,6,0,0,4,3,2,0,0,7,1,0
archi in_X,0,0,0,0,0,0,0,2,0,0,0,0,0,0,0,0,0,0,0,0,0,0,0,0,0,0,0,0,0,0,0,0,0,0,0,0,0,0,0,0,0,0,0,0,0,0,0,0,0,0,0,0,0,0,0,1,1,0,0,0,0,0,0,1,0,0,0,0,0,0,0,0,0,0,0,0,0,0,0,0,0,0,0,0,0,0,0,0,0,0,0,0,0,0,0,0,0,0,0,1,0,0,0,0,3,0,1,0,0,0,0,0,0,1,1,0,0,0,0,0,0,0,0,0,0,0,0,0,0,0,0,0,0,0,0,0,0,0,0,0,5,0,0,0,0,0,1,0,0,0,0,0,0,0,0,0,0,0,0,0,0,0,0,0,0,0,0,0,0,0,0,1,3,3,0,2,0,0,0,0,0,0,0,0,0,2,0,0,0,0,0,1,1,0,2,1,0,0,0,6,0,0,4,3,2,0,0,7,1,0
archi lecture,1,1,1,2,1,0,0,1,0,2,1,4,0,0,0,2,0,0,1,2,0,2,0,1,0,1,0,1,1,1,0,1,0,0,0,3,2,4,2,1,1,2,2,1,0,0,2,4,2,1,0,6,1,1,2,6,2,0,2,3,1,5,5,3,8,7,4,2,1,1,0,0,2,3,3,1,3,4,2,2,1,1,1,2,3,0,2,1,0,3,2,0,1,3,1,2,1,4,4,1,2,1,4,5,1,1,4,4,2,0,1,7,4,1,1,1,2,1,2,3,4,0,1,1,2,1,1,1,1,2,1,1,0,0,3,1,1,0,0,0,0,1,0,0,0,0,0,0,1,0,0,0,0,0,0,0,1,0,0,0,0,2,1,0,1,0,0,1,3,5,0,1,3,3,0,0,1,2,6,1,1,0,1,1,0,1,0,1,1,0,0,2,3,1,2,0,0,1,0,4,1,1,1,1,1,0,2,1,0,1
archi lecture_NOUN,1,1,1,2,1,0,0,1,0,2,1,4,0,0,0,2,0,0,1,2,0,2,0,1,0,1,0,1,1,1,0,1,0,0,0,3,2,4,2,1,1,2,2,1,0,0,2,4,2,1,0,6,1,1,2,6,2,0,2,3,1,5,5,3,8,7,4,2,1,1,0,0,2,3,3,1,3,4,2,2,1,1,1,2,3,0,2,1,0,3,2,0,1,3,1,2,1,4,4,1,2,1,4,5,1,1,4,4,2,0,1,7,4,1,1,1,2,1,2,3,4,0,1,1,2,1,1,1,1,2,1,1,0,0,3,1,1,0,0,0,0,1,0,0,0,0,0,0,1,0,0,0,0,0,0,0,1,0,0,0,0,2,1,0,1,0,0,1,3,5,0,1,3,3,0,0,1,2,6,1,1,0,1,1,0,1,0,1,1,0,0,2,3,1,2,0,0,1,0,4,1,1,1,1,1,0,2,1,0,1
archi pel,0,1,0,0,0,0,0,0,0,0,0,1,0,0,0,0,0,0,0,1,0,0,2,0,0,0,0,0,0,0,0,1,0,2,3,0,2,0,0,0,0,0,0,0,2,0,0,0,0,0,0,0,1,0,0,0,0,0,0,0,0,0,0,0,0,0,0,0,1,0,0,0,0,1,0,1,0,1,0,0,4,0,0,0,0,0,0,0,0,0,0,1,0,0,0,0,0,0,0,0,0,0,0,0,3,0,2,1,1,0,0,0,0,0,0,0,0,0,0,0,0,0,0,0,0,0,0,0,0,0,0,0,0,0,0,0,0,0,0,0,0,0,0,0,0,0,0,1,0,0,0,0,0,0,0,0,1,0,0,0,0,0,0,0,0,0,1,0,0,0,0,0,0,2,1,0,4,0,0,2,6,2,1,0,0,0,0,1,0,1,1,0,0,0,2,0,5,0,2,0,0,0,0,0,0,0,1,1,1,0
archi pel_NOUN,0,1,0,0,0,0,0,0,0,0,0,1,0,0,0,0,0,0,0,1,0,0,2,0,0,0,0,0,0,0,0,1,0,2,3,0,2,0,0,0,0,0,0,0,2,0,0,0,0,0,0,0,1,0,0,0,0,0,0,0,0,0,0,0,0,0,0,0,0,0,0,0,0,1,0,1,0,1,0,0,4,0,0,0,0,0,0,0,0,0,0,1,0,0,0,0,0,0,0,0,0,0,0,0,0,0,2,1,1,0,0,0,0,0,0,0,0,0,0,0,0,0,0,0,0,0,0,0,0,0,0,0,0,0,0,0,0,0,0,0,0,0,0,0,0,0,0,1,0,0,0,0,0,0,0,0,1,0,0,0,0,0,0,0,0,0,1,0,0,0,0,0,0,2,1,0,4,0,0,1,6,2,1,0,0,0,0,1,0,1,1,0,0,0,2,0,5,0,1,0,0,0,0,0,0,0,1,1,1,0
archi prêtre,0,0,1,1,2,0,1,0,0,1,0,0,0,0,0,0,0,0,1,2,0,2,2,0,0,1,1,2,2,3,1,0,0,0,0,4,3,1,2,0,1,1,7,1,7,3,2,5,2,0,8,3,2,0,6,2,6,6,4,1,5,1,2,1,4,17,3,1,4,2,5,2,5,4,3,4,3,2,0,7,3,3,1,5,3,3,3,6,5,7,9,7,9,4,5,6,6,5,9,5,4,5,22,8,7,6,5,4,14,3,6,5,6,4,6,8,5,2,3,3,2,7,4,2,3,1,2,4,2,4,2,1,1,2,2,1,1,4,0,2,2,0,1,0,0,0,0,0,0,0,1,1,1,1,1,0,0,1,1,1,0,0,0,0,1,1,0,4,0,1,1,2,0,0,0,0,0,1,1,2,3,0,2,1,3,4,1,0,1,0,0,0,0,2,0,0,0,3,2,0,1,0,3,0,0,1,6,0,1,0
archi prêtre_ADJ,0,0,0,0,0,0,0,0,0,0,0,0,0,0,0,0,0,0,0,0,0,1,0,0,0,1,0,0,0,2,0,0,0,0,0,1,0,0,0,0,0,0,4,0,1,2,0,1,0,0,3,0,2,0,3,0,1,1,1,0,2,1,0,0,2,1,0,1,1,0,2,0,0,0,1,1,1,0,0,1,1,0,0,1,0,0,1,1,1,0,0,1,4,0,1,1,1,1,3,1,0,0,1,1,1,0,0,2,1,1,2,0,0,0,1,1,1,0,1,0,1,0,0,0,0,0,0,0,1,1,0,0,0,1,1,0,0,0,0,0,1,0,0,0,0,0,0,0,0,0,1,0,0,0,0,0,0,1,0,0,0,0,0,0,0,0,0,0,0,0,0,0,0,0,0,0,0,0,0,0,0,0,0,0,1,2,0,0,0,0,0,0,0,0,0,0,0,1,1,0,1,0,2,0,0,1,3,0,0,0
archi prêtre_ADV,0,0,0,0,2,0,0,0,0,0,0,0,0,0,0,0,0,0,0,0,0,0,0,0,0,0,0,1,0,0,0,0,0,0,0,1,1,0,0,0,0,1,1,1,3,1,2,1,2,0,0,1,0,0,0,1,0,0,0,0,2,0,0,0,2,0,1,0,0,0,0,0,2,0,1,0,0,0,0,0,0,1,0,0,0,1,0,1,2,0,2,1,1,0,1,1,0,1,2,1,1,1,5,3,1,0,1,1,3,1,0,1,1,0,0,5,0,0,1,1,0,1,0,0,0,0,0,0,0,0,0,0,1,0,0,0,0,0,0,1,0,0,0,0,0,0,0,0,0,0,0,1,0,0,0,0,0,0,1,0,0,0,0,0,0,0,0,0,0,0,0,0,0,0,0,0,0,0,0,0,0,0,0,0,0,0,0,0,0,0,0,0,0,0,0,0,0,1,0,0,0,0,1,0,0,0,0,0,0,0
archi prêtre_NOUN,0,0,1,1,0,0,1,0,0,1,0,0,0,0,0,0,0,0,1,2,0,1,2,0,0,0,1,1,2,0,1,0,0,0,0,2,2,1,1,0,1,0,2,0,3,0,0,3,0,0,4,2,0,0,3,1,5,3,3,1,1,0,2,0,0,15,2,0,3,1,3,1,3,4,1,3,2,1,0,5,2,2,1,4,3,2,2,3,2,7,6,5,4,4,3,4,5,3,4,3,3,4,15,3,4,6,2,1,9,1,4,4,5,4,5,2,4,2,1,2,0,5,4,2,3,1,2,4,1,3,2,1,0,1,1,1,1,4,0,1,1,0,1,0,0,0,0,0,0,0,0,0,1,1,0,0,0,0,0,1,0,0,0,0,0,1,0,4,0,1,1,2,0,0,0,0,0,1,1,2,3,0,2,1,1,2,1,0,1,0,0,0,0,2,0,0,0,1,1,0,0,0,0,0,0,0,2,0,1,0
archi prêtres,1,0,2,0,0,0,0,0,0,0,0,0,0,0,0,0,0,2,0,0,0,2,0,0,0,0,0,0,1,2,0,0,0,0,4,0,0,3,0,1,4,0,0,2,1,1,0,2,0,0,0,1,2,2,0,2,1,1,0,0,2,2,1,3,1,0,1,5,0,0,0,0,1,0,1,0,5,4,0,1,0,1,1,0,1,1,0,1,1,0,0,0,0,0,1,0,2,1,2,1,0,2,1,5,1,2,0,2,2,2,0,1,1,0,0,0,1,0,0,0,0,0,0,0,1,0,0,1,1,0,0,0,1,0,0,2,0,0,0,0,0,0,0,0,0,0,0,0,0,0,1,0,1,0,0,0,0,0,0,3,0,0,0,0,1,0,0,2,0,0,0,0,0,0,0,0,0,1,0,0,1,0,0,0,0,0,0,3,0,0,0,0,0,1,1,0,0,0,0,0,0,0,0,0,0,0,0,0,0,0
archi prêtres_NOUN,1,0,2,0,0,0,0,0,0,0,0,0,0,0,0,0,0,2,0,0,0,2,0,0,0,0,0,0,1,2,0,0,0,0,4,0,0,3,0,1,4,0,0,2,1,1,0,2,0,0,0,1,2,2,0,2,1,1,0,0,2,2,1,3,1,0,1,5,0,0,0,0,1,0,1,0,5,4,0,1,0,1,1,0,1,1,0,1,1,0,0,0,0,0,1,0,2,1,2,1,0,2,1,4,1,2,0,2,2,1,0,1,0,0,0,0,1,0,0,0,0,0,0,0,1,0,0,1,1,0,0,0,1,0,0,2,0,0,0,0,0,0,0,0,0,0,0,0,0,0,1,0,1,0,0,0,0,0,0,3,0,0,0,0,1,0,0,2,0,0,0,0,0,0,0,0,0,1,0,0,1,0,0,0,0,0,0,3,0,0,0,0,0,1,1,0,0,0,0,0,0,0,0,0,0,0,0,0,0,0
archi qui,0,0,0,0,0,0,2,0,0,0,0,0,0,0,0,0,0,1,0,1,1,1,2,0,1,0,1,0,4,0,1,0,0,0,1,0,2,2,0,0,0,0,1,0,0,0,0,1,0,0,0,0,0,0,0,0,0,1,0,0,0,1,0,0,0,0,0,0,0,0,0,0,0,0,0,0,0,0,0,0,0,0,0,0,0,0,0,0,0,1,0,1,0,0,0,0,0,0,0,0,0,0,0,1,0,0,0,0,0,0,0,0,0,0,0,0,0,0,0,0,0,0,0,0,0,0,0,1,2,0,0,0,1,0,2,0,0,0,0,0,0,0,0,0,0,0,0,0,0,0,0,0,0,0,0,0,0,0,0,0,0,0,0,0,0,0,0,0,2,0,0,0,0,1,1,0,0,0,0,0,0,2,0,1,3,1,4,1,0,4,1,0,0,0,1,0,0,0,0,0,0,0,1,2,0,0,2,1,0,2
archi qui_PRON,0,0,0,0,0,0,2,0,0,0,0,0,0,0,0,0,0,1,0,1,1,1,2,0,1,0,1,0,4,0,1,0,0,0,1,0,2,2,0,0,0,0,1,0,0,0,0,1,0,0,0,0,0,0,0,0,0,1,0,0,0,1,0,0,0,0,0,0,0,0,0,0,0,0,0,0,0,0,0,0,0,0,0,0,0,0,0,0,0,1,0,1,0,0,0,0,0,0,0,0,0,0,0,1,0,0,0,0,0,0,0,0,0,0,0,0,0,0,0,0,0,0,0,0,0,0,0,1,2,0,0,0,1,0,2,0,0,0,0,0,0,0,0,0,0,0,0,0,0,0,0,0,0,0,0,0,0,0,0,0,0,0,0,0,0,0,0,0,2,0,0,0,0,1,1,0,0,0,0,0,0,2,0,1,3,1,4,1,0,4,1,0,0,0,1,0,0,0,0,0,0,0,1,2,0,0,2,1,0,2
archi tecte,0,1,1,0,2,1,2,2,1,0,0,0,0,0,0,0,2,0,2,0,1,0,0,0,1,0,0,1,5,2,3,2,1,3,2,2,0,5,3,0,4,3,1,3,2,0,5,1,0,2,3,1,2,4,1,2,6,0,0,4,1,1,5,5,2,3,10,0,7,1,1,0,5,1,4,0,5,3,0,7,4,2,4,3,1,6,0,1,7,0,0,1,3,3,0,3,2,2,6,2,8,7,3,6,5,4,2,3,3,2,0,4,1,0,0,2,0,4,6,1,1,2,4,4,1,6,3,3,3,3,3,2,3,3,1,1,1,0,0,2,0,0,1,0,0,0,1,1,3,0,0,3,3,3,0,3,0,0,2,0,3,1,0,1,2,3,3,3,4,5,10,9,2,3,8,5,4,1,3,4,2,2,6,3,6,7,7,2,5,10,8,13,9,4,5,5,5,2,5,8,5,2,6,3,4,5,8,3,3,1
archi tecte_ADJ,0,1,0,0,2,0,2,1,1,0,0,0,0,0,0,0,1,0,1,0,0,0,0,0,0,0,0,0,3,0,3,1,0,0,2,1,0,1,0,0,1,0,0,0,2,0,5,0,0,0,1,0,1,3,0,0,1,0,0,2,0,1,2,3,0,1,5,0,4,1,0,0,1,0,1,0,4,2,0,0,1,2,2,0,1,1,0,0,1,0,0,1,1,1,0,2,1,0,3,0,1,0,0,0,0,0,1,1,1,0,0,1,0,0,0,1,0,4,1,1,1,1,4,4,1,1,1,0,0,2,0,1,0,2,0,1,0,0,0,0,0,0,1,0,0,0,1,1,2,0,0,0,2,1,0,1,0,0,0,0,1,1,0,1,0,0,0,1,0,2,0,1,0,1,8,2,1,0,0,4,0,1,1,1,1,3,1,1,2,5,6,4,2,0,1,0,1,1,1,3,1,0,3,0,2,0,1,0,0,0
archi tecte_ADV,0,0,0,0,0,0,0,0,0,0,0,0,0,0,0,0,1,0,0,0,0,0,0,0,0,0,0,0,0,0,0,0,0,0,0,0,0,0,0,0,0,0,0,2,0,0,0,0,0,2,0,0,0,0,0,0,0,0,0,0,0,0,0,0,0,1,0,0,2,0,0,0,0,0,2,0,0,0,0,7,1,0,1,0,0,1,0,1,0,0,0,0,0,0,0,1,0,0,1,0,1,1,1,1,2,2,1,1,2,0,0,1,0,0,0,1,0,0,0,0,0,1,0,0,0,0,0,0,0,1,0,0,0,0,0,0,1,0,0,1,0,0,0,0,0,0,0,0,0,0,0,0,0,0,0,0,0,0,0,0,0,0,0,0,0,0,0,1,0,0,0,0,0,1,0,0,0,0,0,0,0,0,0,0,2,1,0,0,0,1,1,3,1,0,1,0,0,0,1,0,0,1,0,1,0,1,3,1,2,1
archi tecte_DET,0,0,0,0,0,1,0,0,0,0,0,0,0,0,0,0,0,0,1,0,0,0,0,0,1,0,0,0,0,0,0,0,0,0,0,1,0,0,0,0,0,0,0,0,0,0,0,0,0,0,0,0,0,0,1,1,3,0,0,1,0,0,3,0,0,1,2,0,1,0,0,0,1,1,1,0,0,1,0,0,0,0,0,2,0,2,0,0,2,0,0,0,2,1,0,0,0,0,1,0,5,0,0,1,1,1,0,1,0,1,0,1,0,0,0,0,0,0,4,0,0,0,0,0,0,1,0,1,2,0,2,1,0,0,1,0,0,0,0,0,0,0,0,0,0,0,0,0,0,0,0,0,0,0,0,0,0,0,0,0,0,0,0,0,1,1,2,0,2,1,5,6,2,0,0,1,1,0,2,0,1,0,1,0,3,2,3,0,2,3,1,1,4,2,3,3,4,0,1,2,0,0,3,2,0,2,3,1,1,0
archi tecte_NOUN,0,0,1,0,0,0,0,0,0,0,0,0,0,0,0,0,0,0,0,0,1,0,0,0,0,0,0,0,2,2,0,1,1,0,0,0,0,2,3,0,3,3,1,1,0,0,0,1,0,0,2,1,0,1,0,1,2,0,0,1,0,0,0,2,0,0,3,0,0,0,1,0,3,0,0,0,0,0,0,0,2,0,1,0,0,2,0,0,3,0,0,0,0,1,0,0,1,2,0,1,1,2,2,4,1,1,0,0,0,1,0,1,1,0,0,0,0,0,0,0,0,0,0,0,0,4,2,2,0,0,0,0,3,0,0,0,0,0,0,0,0,0,0,0,0,0,0,0,0,0,0,3,1,2,0,2,0,0,2,0,2,0,0,0,0,1,1,1,0,2,3,0,0,0,0,2,2,0,0,0,1,1,4,1,0,1,2,1,0,1,0,2,1,1,0,1,0,0,2,0,0,0,0,0,2,1,1,0,0,0
archi tectes,0,0,0,0,0,0,1,1,0,0,0,1,0,0,0,0,0,0,0,8,0,1,1,0,1,4,0,1,0,1,3,1,0,0,1,2,1,2,0,0,1,1,1,0,0,1,3,2,0,1,0,1,4,4,0,1,2,2,4,0,1,2,3,3,3,2,1,1,5,3,1,0,3,0,2,0,1,5,1,0,0,3,0,2,1,0,0,0,1,0,1,1,3,0,3,3,1,1,1,1,2,3,5,2,3,3,1,0,0,1,0,1,0,2,1,1,0,0,0,1,4,2,2,1,2,0,3,0,2,2,0,3,2,3,2,0,0,2,0,0,0,1,1,1,0,1,2,1,0,1,2,2,1,0,0,0,4,2,2,2,2,3,2,3,1,3,2,14,3,4,3,9,7,5,1,7,6,9,2,3,6,8,10,2,2,0,4,5,0,7,3,9,9,3,4,3,6,2,5,7,5,2,0,5,0,3,2,2,4,3
archi tectes_ADJ,0,0,0,0,0,0,0,0,0,0,0,0,0,0,0,0,0,0,0,5,0,0,0,0,0,0,0,0,0,0,1,0,0,0,1,1,0,1,0,0,0,0,0,0,0,0,1,0,0,0,0,0,1,0,0,0,1,1,1,0,0,0,1,1,0,0,0,0,0,0,0,0,1,0,0,0,1,0,0,0,0,0,0,0,0,0,0,0,1,0,0,0,1,0,0,2,0,0,0,0,0,1,1,0,0,2,0,0,0,0,0,0,0,1,0,0,0,0,0,1,0,0,0,0,1,0,0,0,1,1,0,0,0,2,0,0,0,0,0,0,0,0,0,0,0,0,0,1,0,0,0,0,0,0,0,0,1,0,1,0,0,1,1,0,0,0,1,6,2,0,0,4,4,0,1,3,4,1,0,0,1,1,2,1,1,0,1,0,0,1,0,0,3,2,0,0,1,1,0,1,0,1,0,1,0,2,0,0,0,1
archi tectes_NOUN,0,0,0,0,0,0,1,1,0,0,0,0,0,0,0,0,0,0,0,3,0,1,1,0,1,4,0,1,0,1,2,1,0,0,0,1,1,1,0,0,1,1,1,0,0,1,2,2,0,1,0,1,2,4,0,1,1,1,3,0,1,2,1,2,3,1,1,0,5,3,1,0,2,0,2,0,0,2,1,0,0,3,0,2,0,0,0,0,0,0,1,1,2,0,1,1,1,1,1,1,2,2,4,2,3,1,1,0,0,1,0,1,0,1,1,1,0,0,0,0,4,2,2,1,1,0,3,0,1,1,0,3,2,1,2,0,0,2,0,0,0,1,1,1,0,1,2,0,0,1,2,2,1,0,0,0,3,2,1,2,2,2,0,3,1,3,1,7,0,3,1,5,3,3,0,4,2,6,2,3,3,6,7,1,1,0,2,3,0,5,3,8,5,1,4,3,3,1,5,6,5,1,0,4,0,1,2,2,4,2
archi tectonique,0,0,0,0,0,0,0,0,0,0,0,7,0,1,0,0,1,0,0,0,0,1,1,2,0,0,2,2,1,3,5,4,3,4,2,8,1,5,4,3,11,7,8,8,13,17,9,8,13,8,11,9,5,5,1,4,10,2,7,8,6,9,9,6,14,9,12,5,10,15,1,5,9,2,5,7,3,9,6,5,3,1,6,2,1,7,1,3,4,1,2,3,3,9,4,3,2,4,2,4,4,5,4,1,4,5,7,2,4,6,2,4,0,1,3,5,3,1,0,2,3,3,4,2,3,3,6,0,1,2,3,0,3,8,5,7,3,3,3,2,0,1,2,0,0,3,0,1,0,1,1,0,4,2,1,2,8,2,3,4,5,5,4,8,5,7,6,7,12,9,12,6,14,4,7,7,9,14,19,11,7,19,19,5,8,21,19,7,15,12,48,20,23,28,17,18,29,17,12,25,22,15,25,36,7,17,25,9,11,14
archi tectonique_ADJ,0,0,0,0,0,0,0,0,0,0,0,5,0,1,0,0,0,0,0,0,0,1,1,2,0,0,2,2,0,3,4,4,3,2,2,0,1,3,4,3,11,3,7,4,7,12,9,6,10,6,11,7,3,5,1,3,6,1,6,6,4,6,8,5,12,5,12,4,8,15,1,5,6,2,5,7,2,4,6,2,2,1,4,2,1,7,1,2,4,1,2,2,3,5,3,2,1,2,1,4,3,2,4,0,4,5,5,2,3,5,1,2,0,1,2,3,3,1,0,1,3,3,3,2,2,3,5,0,1,2,3,0,3,7,5,5,2,3,3,2,0,1,2,0,0,3,0,1,0,1,0,0,2,2,1,0,8,2,2,1,4,5,3,8,4,4,5,5,9,7,8,4,12,4,5,6,9,9,13,7,5,17,17,3,8,17,17,7,10,6,41,16,18,16,11,13,22,11,9,16,17,12,18,29,7,12,16,6,10,12
archi tectonique_DET,0,0,0,0,0,0,0,0,0,0,0,0,0,0,0,0,0,0,0,0,0,0,0,0,0,0,0,0,1,0,0,0,0,1,0,4,0,2,0,0,0,1,0,3,3,0,0,0,1,0,0,0,0,0,0,0,2,0,0,1,0,1,1,0,0,0,0,0,1,0,0,0,0,0,0,0,0,0,0,2,0,0,0,0,0,0,0,0,0,0,0,0,0,2,0,0,1,2,1,0,0,2,0,0,0,0,1,0,0,0,1,0,0,0,1,1,0,0,0,0,0,0,0,0,1,0,0,0,0,0,0,0,0,0,0,2,0,0,0,0,0,0,0,0,0,0,0,0,0,0,1,0,1,0,0,0,0,0,0,2,1,0,0,0,0,2,0,0,2,1,2,1,2,0,1,1,0,3,1,2,0,0,0,0,0,0,0,0,0,0,1,2,1,7,1,1,3,4,2,3,3,1,2,1,0,1,2,3,0,0
archi tectonique_NOUN,0,0,0,0,0,0,0,0,0,0,0,2,0,0,0,0,1,0,0,0,0,0,0,0,0,0,0,0,0,0,1,0,0,0,0,0,0,0,0,0,0,1,0,1,2,3,0,1,1,2,0,1,1,0,0,0,2,0,1,0,2,2,0,0,2,1,0,0,0,0,0,0,1,0,0,0,1,4,0,1,1,0,0,0,0,0,0,1,0,0,0,1,0,0,1,0,0,0,0,0,1,1,0,1,0,0,0,0,0,1,0,1,0,0,0,0,0,0,0,0,0,0,0,0,0,0,1,0,0,0,0,0,0,1,0,0,1,0,0,0,0,0,0,0,0,0,0,0,0,0,0,0,0,0,0,1,0,0,1,1,0,0,1,0,0,1,0,1,1,0,1,1,0,0,1,0,0,1,0,2,2,1,1,2,0,3,2,0,4,4,4,2,4,1,3,2,3,0,1,5,2,0,4,1,0,3,7,0,0,2
archi tectoniques,1,0,0,0,0,0,0,0,0,1,0,0,0,0,0,0,1,0,1,0,0,0,1,0,0,5,1,0,0,0,2,2,2,1,1,5,12,2,4,4,2,14,6,11,9,15,3,8,6,19,19,5,7,4,5,5,15,2,8,8,4,9,11,8,10,13,6,10,3,13,4,3,10,12,5,7,6,4,4,2,3,2,2,2,1,6,4,2,3,2,3,3,8,0,5,2,4,3,1,2,4,8,5,2,3,3,6,1,7,6,3,1,1,1,3,1,2,1,1,0,0,1,0,1,0,1,1,1,2,3,1,4,4,7,3,2,3,2,4,0,4,1,0,0,1,0,1,2,2,1,0,2,2,1,2,0,1,1,0,2,2,1,0,3,2,2,2,3,5,9,4,12,5,5,2,4,7,2,6,13,12,5,4,3,2,3,8,2,7,5,5,3,1,13,8,4,7,4,3,15,3,3,6,6,4,3,3,3,3,2
archi tectoniques_ADJ,1,0,0,0,0,0,0,0,0,1,0,0,0,0,0,0,1,0,1,0,0,0,1,0,0,5,0,0,0,0,1,1,1,1,1,4,7,1,2,4,1,9,4,10,6,13,3,7,3,16,14,2,6,4,3,4,13,1,6,6,3,8,10,8,5,8,4,8,2,13,4,2,8,10,4,7,1,3,2,2,2,2,1,1,1,4,3,1,3,2,2,3,6,0,4,1,3,3,0,1,4,5,3,1,3,2,6,1,7,6,2,1,1,1,3,1,1,1,0,0,0,1,0,1,0,1,0,1,0,0,1,3,2,7,2,2,2,2,2,0,4,0,0,0,1,0,1,1,1,1,0,2,2,1,1,0,1,1,0,0,1,1,0,1,2,1,2,2,5,5,3,9,4,3,1,1,6,1,2,7,5,4,1,1,2,3,5,2,6,4,2,2,0,9,7,3,6,3,3,11,3,3,3,5,3,3,3,1,2,1
archi tectoniques_DET,0,0,0,0,0,0,0,0,0,0,0,0,0,0,0,0,0,0,0,0,0,0,0,0,0,0,1,0,0,0,0,0,0,0,0,0,0,0,0,0,1,2,1,0,0,0,0,0,1,0,2,0,0,0,1,0,0,1,0,1,1,0,1,0,0,0,0,1,0,0,0,1,1,1,0,0,5,0,2,0,0,0,0,0,0,0,0,0,0,0,1,0,1,0,0,0,1,0,0,0,0,2,2,0,0,1,0,0,0,0,0,0,0,0,0,0,1,0,0,0,0,0,0,0,0,0,0,0,1,1,0,0,1,0,1,0,0,0,2,0,0,0,0,0,0,0,0,0,1,0,0,0,0,0,0,0,0,0,0,1,0,0,0,0,0,0,0,0,0,0,1,0,1,1,1,1,1,0,0,5,2,1,2,1,0,0,1,0,0,1,2,0,0,1,0,1,0,1,0,1,0,0,2,1,1,0,0,1,1,0
archi tectoniques_NOUN,0,0,0,0,0,0,0,0,0,0,0,0,0,0,0,0,0,0,0,0,0,0,0,0,0,0,0,0,0,0,0,0,0,0,0,1,5,0,0,0,0,0,1,1,2,2,0,1,2,1,2,0,1,0,1,0,2,0,0,0,0,1,0,0,0,4,1,0,1,0,0,0,0,1,0,0,0,1,0,0,0,0,0,1,0,2,0,0,0,0,0,0,0,0,1,1,0,0,0,1,0,0,0,1,0,0,0,0,0,0,0,0,0,0,0,0,0,0,0,0,0,0,0,0,0,0,0,0,0,0,0,1,0,0,0,0,0,0,0,0,0,1,0,0,0,0,0,1,0,0,0,0,0,0,1,0,0,0,0,0,0,0,0,2,0,0,0,0,0,0,0,0,0,1,0,1,0,0,3,0,3,0,1,0,0,0,1,0,0,0,1,0,0,1,0,0,1,0,0,0,0,0,1,0,0,0,0,0,0,1
archi tectoniques_VERB,0,0,0,0,0,0,0,0,0,0,0,0,0,0,0,0,0,0,0,0,0,0,0,0,0,0,0,0,0,0,1,1,1,0,0,0,0,1,2,0,0,3,0,0,1,0,0,0,0,2,1,3,0,0,0,1,0,0,2,1,0,0,0,0,5,1,1,1,0,0,0,0,1,0,1,0,0,0,0,0,1,0,1,0,0,0,1,1,0,0,0,0,1,0,0,0,0,0,1,0,0,1,0,0,0,0,0,0,0,0,1,0,0,0,0,0,0,0,1,0,0,0,0,0,0,0,1,0,1,2,0,0,1,0,0,0,1,0,0,0,0,0,0,0,0,0,0,0,0,0,0,0,0,0,0,0,0,0,0,1,1,0,0,0,0,1,0,1,0,4,0,3,0,0,0,1,0,1,1,1,2,0,0,0,0,0,1,0,1,0,0,1,1,2,1,0,0,0,0,3,0,0,0,0,0,0,0,0,0,0
archi tectural,0,0,0,0,0,0,0,0,0,0,0,0,0,0,0,0,0,0,0,0,0,0,0,0,0,0,0,0,0,0,0,0,0,0,0,0,0,0,0,0,0,0,0,0,0,0,0,0,0,0,0,0,1,0,0,0,0,1,0,0,0,0,1,0,0,0,0,0,0,0,1,0,0,0,0,0,1,0,0,0,0,0,1,0,0,0,0,2,0,0,0,0,0,0,0,0,1,0,0,0,2,0,0,0,0,0,1,0,0,0,0,0,0,0,0,0,0,0,0,0,0,0,0,0,0,1,0,0,0,0,0,1,1,0,2,0,0,0,0,0,0,0,0,0,0,0,1,2,0,0,0,0,0,0,1,0,0,0,1,0,2,0,0,0,0,3,1,2,0,0,0,1,2,3,2,3,4,1,2,0,1,3,1,1,1,3,0,0,0,3,0,3,1,3,4,1,1,1,1,0,4,0,1,2,3,1,0,0,0,2
archi tectural_ADJ,0,0,0,0,0,0,0,0,0,0,0,0,0,0,0,0,0,0,0,0,0,0,0,0,0,0,0,0,0,0,0,0,0,0,0,0,0,0,0,0,0,0,0,0,0,0,0,0,0,0,0,0,1,0,0,0,0,1,0,0,0,0,1,0,0,0,0,0,0,0,0,0,0,0,0,0,1,0,0,0,0,0,1,0,0,0,0,2,0,0,0,0,0,0,0,0,1,0,0,0,2,0,0,0,0,0,1,0,0,0,0,0,0,0,0,0,0,0,0,0,0,0,0,0,0,1,0,0,0,0,0,1,1,0,2,0,0,0,0,0,0,0,0,0,0,0,1,1,0,0,0,0,0,0,0,0,0,0,1,0,1,0,0,0,0,2,0,0,0,0,0,1,2,2,2,2,3,1,2,0,1,2,1,1,0,3,0,0,0,3,0,1,1,3,1,1,1,1,0,0,3,0,1,2,3,0,0,0,0,2
archi tecturale,0,0,0,0,0,0,0,0,0,0,0,0,0,0,0,0,0,0,0,0,0,0,0,0,0,0,0,0,0,0,0,0,0,0,0,0,0,0,0,0,1,0,0,0,0,0,0,0,0,0,0,0,0,0,0,0,0,0,0,0,0,0,0,0,0,0,0,0,0,0,0,0,0,0,0,0,0,0,0,0,0,0,0,0,0,0,2,0,0,0,0,0,0,0,0,0,0,0,0,0,0,0,0,0,0,0,0,0,3,0,0,0,0,0,0,0,0,0,0,0,0,0,0,0,0,0,1,0,0,0,0,0,0,0,1,0,0,0,0,0,0,0,0,0,0,0,0,0,0,1,0,2,0,0,0,1,0,1,1,0,1,0,1,0,1,0,0,0,1,1,1,1,1,2,1,1,3,0,2,1,1,1,0,0,0,0,0,1,0,1,0,0,0,4,1,0,8,0,1,0,0,0,0,6,1,2,1,1,1,2
archi tecturale_ADJ,0,0,0,0,0,0,0,0,0,0,0,0,0,0,0,0,0,0,0,0,0,0,0,0,0,0,0,0,0,0,0,0,0,0,0,0,0,0,0,0,1,0,0,0,0,0,0,0,0,0,0,0,0,0,0,0,0,0,0,0,0,0,0,0,0,0,0,0,0,0,0,0,0,0,0,0,0,0,0,0,0,0,0,0,0,0,2,0,0,0,0,0,0,0,0,0,0,0,0,0,0,0,0,0,0,0,0,0,3,0,0,0,0,0,0,0,0,0,0,0,0,0,0,0,0,0,1,0,0,0,0,0,0,0,1,0,0,0,0,0,0,0,0,0,0,0,0,0,0,1,0,2,0,0,0,1,0,1,1,0,1,0,1,0,1,0,0,0,1,1,1,1,1,2,1,1,2,0,2,1,1,1,0,0,0,0,0,1,0,1,0,0,0,4,1,0,8,0,1,0,0,0,0,6,1,2,1,1,1,2
archi tecture,1,0,1,2,3,3,1,2,4,7,0,1,2,2,0,0,1,2,5,2,2,3,0,1,0,5,3,1,1,6,4,4,1,3,3,7,3,6,8,5,8,13,3,3,6,7,5,2,1,3,1,12,2,8,3,3,4,4,7,4,9,8,5,3,7,4,6,6,10,3,2,1,2,6,8,4,2,4,5,1,6,4,1,2,0,2,3,0,3,2,1,1,1,4,2,0,6,2,3,1,2,3,0,2,1,1,5,6,1,3,2,6,3,4,1,0,0,1,0,0,1,1,11,1,5,2,1,7,2,5,3,1,6,2,2,1,0,3,2,1,2,2,0,2,0,0,1,1,2,1,2,1,2,4,0,6,0,3,3,2,7,4,2,6,1,4,2,5,10,6,3,6,8,16,8,10,8,16,9,8,18,6,16,11,7,14,17,14,10,6,8,11,10,6,10,9,14,5,6,8,11,10,16,16,31,13,15,12,4,2
archi tecture_ADJ,0,0,0,0,2,0,0,0,0,0,0,0,0,0,0,0,0,0,0,0,0,0,0,0,0,0,0,0,0,0,0,0,0,0,0,0,0,0,0,1,0,0,0,0,1,0,0,0,0,0,0,1,0,0,0,0,0,0,1,0,1,0,0,0,0,0,0,0,0,0,0,1,0,0,0,0,0,0,1,0,0,0,0,0,0,0,0,0,0,0,0,0,0,1,1,0,0,0,0,0,1,0,0,0,0,1,1,1,1,0,0,0,0,0,1,0,0,0,0,0,0,0,0,0,1,0,0,0,0,0,0,0,0,0,0,0,0,0,0,0,0,1,0,0,0,0,0,0,0,1,0,0,0,0,0,0,0,1,0,0,0,0,0,2,0,0,0,1,0,1,0,0,0,3,0,1,3,1,2,0,3,0,2,0,0,2,1,1,0,0,0,2,2,0,1,1,2,1,0,1,1,1,0,2,0,1,0,0,0,1
archi tecture_ADV,0,0,0,0,0,0,0,0,0,1,0,1,0,0,0,0,1,1,1,1,0,0,0,0,0,3,0,1,0,3,0,0,0,1,0,1,1,0,3,0,0,1,0,1,0,0,1,0,0,2,0,2,0,1,1,0,0,2,0,1,0,1,1,2,0,1,1,1,0,0,2,0,1,0,0,0,0,1,1,0,0,0,0,0,0,0,0,0,0,0,0,0,0,1,0,0,1,0,1,0,0,1,0,0,0,0,0,1,0,0,0,0,0,0,0,0,0,1,0,0,0,0,1,0,0,1,0,0,0,1,1,0,0,1,0,0,0,0,0,0,0,0,0,0,0,0,0,0,1,0,1,1,1,0,0,0,0,0,1,1,0,0,1,0,0,0,0,0,1,0,0,1,1,1,1,2,1,3,0,1,3,2,4,0,2,3,2,0,1,0,0,0,1,0,0,1,1,0,1,1,1,2,4,4,2,0,1,5,1,0
archi tecture_DET,0,0,0,1,0,0,0,0,0,0,0,0,0,0,0,0,0,0,0,0,0,0,0,0,0,0,0,0,0,2,1,1,0,0,0,2,0,1,2,0,0,0,0,0,0,0,0,1,0,0,0,4,0,0,1,0,0,0,0,0,2,0,0,0,1,0,0,0,0,0,0,0,0,1,0,0,0,0,0,0,0,0,0,0,0,0,0,0,0,0,0,0,0,0,0,0,0,0,0,0,0,0,0,0,0,0,0,0,0,0,0,0,0,0,0,0,0,0,0,0,0,0,0,1,0,0,0,0,0,0,0,0,0,0,0,1,0,0,0,0,0,0,0,0,0,0,0,0,0,0,0,0,0,0,0,0,0,1,0,0,0,1,0,1,0,1,0,0,0,0,1,0,0,0,0,0,0,2,2,0,0,0,0,1,0,0,1,1,0,0,1,1,0,0,0,1,1,1,1,1,0,0,1,1,0,3,1,0,0,1
archi tecture_NOUN,1,0,1,1,1,2,1,2,4,5,0,0,2,2,0,0,0,0,4,1,2,2,0,1,0,1,3,0,1,1,3,2,1,1,3,4,2,4,3,4,8,9,1,2,5,6,2,1,1,1,0,4,2,6,0,2,3,1,6,2,6,7,4,1,2,3,5,5,7,3,0,0,1,5,7,3,2,1,3,1,5,2,1,2,0,0,2,0,2,2,1,1,1,1,1,0,4,2,2,1,1,2,0,1,1,0,4,4,0,3,2,4,3,4,0,0,0,0,0,0,1,1,7,0,4,1,1,4,2,4,2,1,5,0,1,0,0,3,2,1,2,0,0,2,0,0,1,1,1,0,1,0,1,4,0,6,0,1,2,0,4,2,0,3,1,3,2,4,8,3,2,4,6,9,4,6,2,8,5,6,6,3,8,9,4,8,8,9,8,3,7,8,6,6,6,6,7,3,4,5,7,7,11,9,11,7,11,5,2,0
archi tecture_X,0,0,0,0,0,1,0,0,0,0,0,0,0,0,0,0,0,0,0,0,0,1,0,0,0,0,0,0,0,0,0,0,0,0,0,0,0,0,0,0,0,1,0,0,0,0,0,0,0,0,0,0,0,0,0,0,0,0,0,0,0,0,0,0,0,0,0,0,3,0,0,0,0,0,0,1,0,0,0,0,0,1,0,0,0,0,0,0,0,0,0,0,0,0,0,0,1,0,0,0,0,0,0,0,0,0,0,0,0,0,0,0,0,0,0,0,0,0,0,0,0,0,3,0,0,0,0,3,0,0,0,0,0,0,1,0,0,0,0,0,0,0,0,0,0,0,0,0,0,0,0,0,0,0,0,0,0,0,0,1,0,1,1,0,0,0,0,0,1,1,0,1,1,0,0,0,1,2,0,0,5,1,1,0,1,1,2,0,0,3,0,0,0,0,3,0,3,0,0,0,2,0,0,0,16,2,1,1,0,0
archi trionfali,0,0,0,0,0,0,0,0,2,0,0,0,0,0,0,0,0,0,0,0,0,0,0,0,0,0,0,0,0,0,0,0,0,0,0,0,0,0,0,0,0,0,0,0,0,0,0,1,0,0,0,0,0,0,0,0,0,0,0,0,0,0,0,0,0,0,0,0,0,0,0,0,0,0,0,0,0,0,0,0,0,0,0,0,0,0,0,0,1,0,0,0,1,0,0,0,0,0,2,1,2,1,0,0,0,1,0,0,0,0,0,0,0,0,2,0,0,0,0,0,0,0,0,0,1,0,0,0,2,0,0,0,0,0,0,0,0,0,0,0,7,0,0,0,1,0,0,0,0,0,0,0,0,0,0,0,1,0,0,0,0,1,0,0,0,0,0,0,2,0,1,0,2,0,0,3,0,0,1,0,0,3,0,0,1,0,0,1,1,0,3,0,1,0,2,0,3,1,2,0,1,1,0,2,0,3,2,0,1,0
archi trésorier,0,1,0,1,1,0,0,1,0,0,0,3,0,0,4,1,0,0,2,0,2,2,1,0,0,2,0,1,0,4,3,0,1,0,0,0,0,5,0,2,2,0,3,4,1,7,1,4,0,4,0,4,0,1,4,3,0,8,5,1,11,2,6,3,5,0,11,6,0,3,1,0,0,0,5,1,0,0,1,1,2,0,0,2,0,0,3,1,1,3,3,3,0,0,2,1,1,2,1,0,1,0,1,0,0,2,3,8,2,2,0,1,1,1,1,0,0,0,0,0,0,0,1,2,1,0,0,1,0,0,0,0,0,0,0,0,1,0,0,0,1,0,0,0,0,0,0,0,1,0,0,1,0,1,0,0,0,0,0,0,0,0,0,0,1,0,0,1,2,0,0,0,0,0,0,0,0,0,1,0,0,0,0,0,0,0,0,2,0,0,0,0,0,0,0,1,1,1,0,3,0,1,0,1,0,0,0,1,2,1
archi trésorier_ADJ,0,0,0,0,0,0,0,1,0,0,0,0,0,0,0,0,0,0,0,0,0,0,0,0,0,0,0,0,0,1,0,0,0,0,0,0,0,1,0,0,0,0,0,0,0,1,0,4,0,2,0,1,0,1,0,2,0,0,2,0,11,0,0,0,0,0,5,0,0,0,0,0,0,0,2,0,0,0,1,1,0,0,0,0,0,0,2,1,1,0,0,0,0,0,0,0,0,0,0,0,0,0,1,0,0,0,0,2,0,0,0,0,0,0,0,0,0,0,0,0,0,0,1,0,1,0,0,0,0,0,0,0,0,0,0,0,0,0,0,0,0,0,0,0,0,0,0,0,0,0,0,0,0,0,0,0,0,0,0,0,0,0,0,0,0,0,0,0,0,0,0,0,0,0,0,0,0,0,0,0,0,0,0,0,0,0,0,0,0,0,0,0,0,0,0,0,0,0,0,1,0,0,0,1,0,0,0,1,0,0
archi trésorier_NOUN,0,1,0,1,1,0,0,0,0,0,0,1,0,0,1,0,0,0,1,0,0,2,0,0,0,2,0,0,0,1,2,0,0,0,0,0,0,2,0,1,0,0,2,0,1,4,0,0,0,2,0,3,0,0,1,1,0,4,0,0,0,0,4,2,4,0,0,3,0,2,0,0,0,0,1,1,0,0,0,0,0,0,0,0,0,0,0,0,0,1,1,2,0,0,1,1,1,0,0,0,1,0,0,0,0,1,1,4,2,1,0,0,1,1,1,0,0,0,0,0,0,0,0,2,0,0,0,1,0,0,0,0,0,0,0,0,1,0,0,0,1,0,0,0,0,0,0,0,1,0,0,0,0,1,0,0,0,0,0,0,0,0,0,0,1,0,0,0,1,0,0,0,0,0,0,0,0,0,1,0,0,0,0,0,0,0,0,1,0,0,0,0,0,0,0,0,0,1,0,2,0,0,0,0,0,0,0,0,1,0
archi trésorier_VERB,0,0,0,0,0,0,0,0,0,0,0,1,0,0,3,1,0,0,1,0,2,0,1,0,0,0,0,1,0,2,1,0,1,0,0,0,0,2,0,1,2,0,1,1,0,1,1,0,0,0,0,0,0,0,3,0,0,4,3,1,0,2,2,0,1,0,3,3,0,1,1,0,0,0,2,0,0,0,0,0,2,0,0,2,0,0,1,0,0,2,0,1,0,0,1,0,0,2,0,0,0,0,0,0,0,1,2,2,0,1,0,1,0,0,0,0,0,0,0,0,0,0,0,0,0,0,0,0,0,0,0,0,0,0,0,0,0,0,0,0,0,0,0,0,0,0,0,0,0,0,0,1,0,0,0,0,0,0,0,0,0,0,0,0,0,0,0,1,1,0,0,0,0,0,0,0,0,0,0,0,0,0,0,0,0,0,0,1,0,0,0,0,0,0,0,1,1,0,0,0,0,1,0,0,0,0,0,0,0,1
archi ves,0,0,4,0,0,1,0,0,0,1,0,0,0,1,0,0,0,0,0,0,0,1,0,1,1,0,1,0,0,0,1,0,0,0,1,0,1,0,3,2,0,0,0,0,1,1,2,2,0,3,1,6,0,1,0,3,2,2,0,0,0,0,3,0,0,1,2,0,0,1,1,2,1,2,0,3,0,0,0,2,0,1,1,2,1,2,1,0,0,1,4,0,0,2,2,0,2,0,3,4,1,4,3,0,3,0,1,1,2,2,1,1,3,2,0,0,0,0,1,0,4,0,0,1,2,1,2,1,1,0,1,0,0,0,3,0,0,3,0,1,0,2,0,0,2,0,0,0,0,0,1,1,0,0,1,1,0,2,1,1,0,1,1,1,3,0,2,4,4,3,2,6,0,2,1,2,3,0,1,2,3,5,4,3,3,10,3,6,2,1,4,0,2,2,1,1,0,3,1,3,0,0,1,3,4,4,0,5,3,2
archi ves_ADJ,0,0,0,0,0,0,0,0,0,0,0,0,0,0,0,0,0,0,0,0,0,0,0,1,0,0,0,0,0,0,0,0,0,0,0,0,0,0,0,0,0,0,0,0,0,0,0,0,0,0,0,5,0,0,0,1,0,0,0,0,0,0,0,0,0,0,1,0,0,0,1,0,0,0,0,0,0,0,0,0,0,0,0,0,0,0,0,0,0,1,0,0,0,0,1,0,0,0,0,0,0,0,2,0,0,0,0,0,0,0,0,1,1,0,0,0,0,0,1,0,0,0,0,0,0,0,0,1,0,0,0,0,0,0,0,0,0,1,0,0,0,0,0,0,1,0,0,0,0,0,0,0,0,0,1,0,0,1,0,0,0,0,0,0,0,0,0,0,1,1,1,4,0,2,1,1,0,0,0,0,0,2,1,1,1,2,2,0,0,1,1,0,1,1,0,0,0,0,0,3,0,0,0,0,0,3,0,2,0,1
archi ves_NOUN,0,0,4,0,0,1,0,0,0,1,0,0,0,1,0,0,0,0,0,0,0,1,0,0,1,0,1,0,0,0,1,0,0,0,1,0,1,0,3,2,0,0,0,0,1,1,2,2,0,1,1,1,0,1,0,2,2,2,0,0,0,0,1,0,0,1,1,0,0,1,0,2,1,2,0,3,0,0,0,2,0,1,1,2,1,2,1,0,0,0,4,0,0,2,1,0,1,0,3,4,1,4,1,0,3,0,1,1,1,2,1,0,2,2,0,0,0,0,0,0,4,0,0,1,2,1,0,0,1,0,1,0,0,0,2,0,0,2,0,1,0,2,0,0,1,0,0,0,0,0,1,1,0,0,0,1,0,1,1,1,0,1,1,0,3,0,2,4,3,2,1,2,0,0,0,1,3,0,1,2,3,2,3,2,2,7,1,6,2,0,3,0,1,1,1,1,0,3,0,0,0,0,1,2,3,0,0,3,3,1
archi vis,0,0,0,0,0,0,0,0,0,0,0,0,0,0,0,0,0,0,0,0,0,0,0,0,0,0,0,0,0,0,0,0,0,0,0,0,0,0,0,0,0,0,0,0,0,0,0,0,0,0,0,0,0,0,0,0,0,0,0,0,0,0,0,0,0,0,0,0,0,0,0,0,0,0,0,0,0,0,0,0,0,0,0,0,0,0,0,0,0,0,0,0,0,0,0,0,0,0,0,0,0,0,0,0,0,0,0,0,0,0,0,0,0,0,0,0,0,0,0,0,0,0,0,0,0,0,0,0,0,0,0,0,0,0,0,0,0,0,0,0,0,0,0,0,0,0,0,0,0,0,0,12,2,0,8,4,1,0,1,0,3,0,2,2,1,1,0,0,2,1,0,1,1,1,1,0,0,1,0,2,5,0,2,0,0,1,4,0,1,0,3,0,2,0,2,0,1,1,1,0,0,1,0,1,3,3,0,1,0,0
archi vis_DET,0,0,0,0,0,0,0,0,0,0,0,0,0,0,0,0,0,0,0,0,0,0,0,0,0,0,0,0,0,0,0,0,0,0,0,0,0,0,0,0,0,0,0,0,0,0,0,0,0,0,0,0,0,0,0,0,0,0,0,0,0,0,0,0,0,0,0,0,0,0,0,0,0,0,0,0,0,0,0,0,0,0,0,0,0,0,0,0,0,0,0,0,0,0,0,0,0,0,0,0,0,0,0,0,0,0,0,0,0,0,0,0,0,0,0,0,0,0,0,0,0,0,0,0,0,0,0,0,0,0,0,0,0,0,0,0,0,0,0,0,0,0,0,0,0,0,0,0,0,0,0,11,2,0,8,4,1,0,1,0,1,0,1,1,0,1,0,0,2,1,0,0,1,1,1,0,0,1,0,2,2,0,2,0,0,1,4,0,1,0,3,0,1,0,1,0,1,1,1,0,0,1,0,1,3,1,0,1,0,0
archi viste,0,0,0,0,0,0,0,0,0,0,0,0,0,0,0,0,0,0,0,0,0,0,0,0,0,0,0,0,0,0,1,0,0,1,0,0,0,0,0,2,0,2,0,0,0,0,0,1,1,0,0,0,0,0,0,2,0,0,1,0,2,1,2,2,0,0,0,0,0,1,0,0,0,2,1,1,0,0,0,0,0,1,3,2,2,0,0,2,3,0,2,2,0,0,0,3,0,1,0,1,0,0,0,1,3,2,1,1,2,0,0,1,1,1,1,0,0,0,0,2,0,0,4,3,0,0,0,0,2,0,2,0,0,2,0,0,0,1,0,0,0,0,0,0,0,0,0,0,0,0,2,1,0,1,0,0,1,0,0,0,0,3,0,0,0,0,0,0,0,1,0,0,0,0,1,0,0,1,0,1,1,0,0,0,1,0,0,0,0,0,0,0,0,1,0,1,0,2,0,0,0,0,0,1,0,0,0,1,0,0
archi viste_NOUN,0,0,0,0,0,0,0,0,0,0,0,0,0,0,0,0,0,0,0,0,0,0,0,0,0,0,0,0,0,0,1,0,0,1,0,0,0,0,0,2,0,1,0,0,0,0,0,0,1,0,0,0,0,0,0,1,0,0,1,0,1,1,2,0,0,0,0,0,0,1,0,0,0,2,0,1,0,0,0,0,0,0,3,1,2,0,0,2,2,0,2,2,0,0,0,2,0,1,0,1,0,0,0,1,3,2,1,1,2,0,0,0,1,1,1,0,0,0,0,2,0,0,3,1,0,0,0,0,1,0,2,0,0,2,0,0,0,1,0,0,0,0,0,0,0,0,0,0,0,0,2,1,0,1,0,0,1,0,0,0,0,3,0,0,0,0,0,0,0,0,0,0,0,0,0,0,0,1,0,1,1,0,0,0,0,0,0,0,0,0,0,0,0,1,0,1,0,2,0,0,0,0,0,1,0,0,0,1,0,0
archi_ADJ _ADJ_,0,0,4,4,3,0,0,1,0,3,2,0,0,0,2,3,0,6,0,0,0,9,1,8,12,3,0,0,7,6,6,3,2,8,0,1,0,6,1,3,5,11,1,1,4,1,0,6,3,8,19,1,1,7,3,0,5,2,8,4,5,13,2,11,20,13,4,5,4,10,3,8,7,3,3,4,6,5,0,0,5,9,10,15,12,12,12,6,14,14,16,16,14,19,24,28,34,25,15,9,22,24,16,23,33,17,33,36,36,22,13,14,22,29,22,5,28,24,14,19,17,13,18,14,14,27,18,21,32,22,33,18,26,18,18,23,16,18,23,25,7,10,11,7,10,14,19,16,15,16,21,10,12,29,18,16,32,20,12,21,26,27,28,32,27,42,39,45,56,47,52,40,43,37,46,48,34,40,48,52,37,27,34,42,44,39,49,62,54,59,52,64,57,54,57,38,66,63,62,72,84,76,98,109,77,79,82,103,96,59
archi_ADJ _ADV_,0,0,0,0,0,0,0,0,0,1,0,0,0,0,0,0,1,0,0,1,0,0,0,0,0,1,0,0,0,0,0,0,0,1,0,0,1,0,2,0,0,0,0,0,0,0,0,0,0,0,0,0,0,0,0,0,0,1,0,0,0,0,1,0,0,0,0,1,0,0,1,0,0,0,0,1,0,1,0,0,0,0,0,0,0,0,0,0,0,0,0,0,0,1,0,0,1,0,1,0,0,0,1,0,0,0,0,1,0,0,0,0,0,0,0,0,0,0,0,0,0,0,1,0,1,1,0,0,0,0,1,0,0,0,0,0,0,0,0,0,0,0,1,0,0,0,0,0,1,0,1,1,0,0,0,0,0,0,0,0,0,0,0,0,0,0,0,1,0,0,0,0,1,0,0,1,1,1,0,0,2,1,1,0,1,1,0,0,0,0,0,0,0,0,0,0,1,0,0,0,1,2,2,1,1,0,0,3,0,0
archi_ADJ _NOUN_,1,2,3,5,2,1,4,3,5,7,1,4,2,2,1,1,1,3,7,3,0,4,17,2,0,1,7,4,12,5,8,3,3,5,16,5,6,10,4,3,18,10,8,8,9,10,4,10,3,7,4,8,4,7,5,6,7,6,9,4,12,13,8,10,13,8,13,11,8,11,1,4,2,7,7,9,9,12,6,5,3,4,4,6,6,2,5,5,3,5,10,9,9,5,7,9,3,8,7,5,4,13,6,13,7,6,9,9,14,5,1,13,7,6,3,1,5,1,2,4,4,5,7,0,3,4,6,5,7,4,3,3,6,3,4,6,2,3,3,2,3,4,0,1,0,0,1,1,2,4,1,1,6,5,2,2,5,1,3,5,5,11,2,4,5,4,1,6,10,8,3,8,10,10,3,11,9,5,11,16,16,9,14,8,15,14,10,19,16,13,13,4,5,13,10,6,6,7,8,15,8,12,17,14,13,12,21,12,8,8
archi_ADJ lecture,1,1,1,2,1,0,0,1,0,1,1,1,0,0,0,0,0,0,1,2,0,1,0,1,0,1,0,0,1,1,0,1,0,0,0,3,1,3,1,0,0,0,2,1,0,0,2,4,2,1,0,3,0,1,2,2,2,0,1,2,0,3,2,2,8,4,4,1,0,1,0,0,0,3,1,1,2,2,1,1,1,1,1,0,3,0,2,1,0,2,1,0,1,2,1,1,1,4,3,1,1,1,2,5,1,1,3,1,2,0,0,6,3,0,0,0,1,1,1,1,1,0,1,0,2,1,1,1,0,2,1,1,0,0,2,1,0,0,0,0,0,1,0,0,0,0,0,0,1,0,0,0,0,0,0,0,1,0,0,0,0,1,0,0,1,0,0,1,1,3,0,1,2,2,0,0,1,0,5,1,1,0,1,1,0,1,0,1,0,0,0,1,0,1,2,0,0,1,0,3,1,1,0,0,0,0,1,1,0,0
archi_ADJ lecture_NOUN,1,1,1,2,1,0,0,1,0,1,1,1,0,0,0,0,0,0,1,2,0,1,0,1,0,1,0,0,1,1,0,1,0,0,0,3,1,3,1,0,0,0,2,1,0,0,2,4,2,1,0,3,0,1,2,2,2,0,1,2,0,3,2,2,8,4,4,1,0,1,0,0,0,3,1,1,2,2,1,1,1,1,1,0,3,0,2,1,0,2,1,0,1,2,1,1,1,4,3,1,1,1,2,5,1,1,3,1,2,0,0,6,3,0,0,0,1,1,1,1,1,0,1,0,2,1,1,1,0,2,1,1,0,0,2,1,0,0,0,0,0,1,0,0,0,0,0,0,1,0,0,0,0,0,0,0,1,0,0,0,0,1,0,0,1,0,0,1,1,3,0,1,2,2,0,0,1,0,5,1,1,0,1,1,0,1,0,1,0,0,0,1,0,1,2,0,0,1,0,3,1,1,0,0,0,0,1,1,0,0
archi_ADJ prêtres,0,0,1,0,0,0,0,0,0,0,0,0,0,0,0,0,0,1,0,0,0,1,0,0,0,0,0,0,1,0,0,0,0,0,4,0,0,0,0,0,4,0,0,2,1,1,0,2,0,0,0,1,0,2,0,2,0,1,0,0,2,2,1,3,1,0,0,5,0,0,0,0,0,0,1,0,5,2,0,0,0,1,1,0,1,0,0,1,0,0,0,0,0,0,0,0,0,0,1,1,0,2,0,2,1,0,0,2,2,1,0,0,0,0,0,0,0,0,0,0,0,0,0,0,1,0,0,1,1,0,0,0,1,0,0,2,0,0,0,0,0,0,0,0,0,0,0,0,0,0,0,0,0,0,0,0,0,0,0,3,0,0,0,0,1,0,0,1,0,0,0,0,0,0,0,0,0,0,0,0,0,0,0,0,0,0,0,2,0,0,0,0,0,0,1,0,0,0,0,0,0,0,0,0,0,0,0,0,0,0
archi_ADJ prêtres_NOUN,0,0,1,0,0,0,0,0,0,0,0,0,0,0,0,0,0,1,0,0,0,1,0,0,0,0,0,0,1,0,0,0,0,0,4,0,0,0,0,0,4,0,0,2,1,1,0,2,0,0,0,1,0,2,0,2,0,1,0,0,2,2,1,3,1,0,0,5,0,0,0,0,0,0,1,0,5,2,0,0,0,1,1,0,1,0,0,1,0,0,0,0,0,0,0,0,0,0,1,1,0,2,0,2,1,0,0,2,2,1,0,0,0,0,0,0,0,0,0,0,0,0,0,0,1,0,0,1,1,0,0,0,1,0,0,2,0,0,0,0,0,0,0,0,0,0,0,0,0,0,0,0,0,0,0,0,0,0,0,3,0,0,0,0,1,0,0,1,0,0,0,0,0,0,0,0,0,0,0,0,0,0,0,0,0,0,0,2,0,0,0,0,0,0,1,0,0,0,0,0,0,0,0,0,0,0,0,0,0,0
archi_ADJ tectonique,0,0,0,0,0,0,0,0,0,0,0,2,0,0,0,0,0,0,0,0,0,0,0,0,0,0,0,0,0,0,1,0,0,0,0,0,0,0,0,0,0,0,0,0,2,3,0,1,0,0,0,1,1,0,0,0,0,0,1,0,1,1,0,0,0,0,0,0,0,0,0,0,0,0,0,0,1,4,0,1,0,0,0,0,0,0,0,1,0,0,0,0,0,0,1,0,0,0,0,0,0,1,0,1,0,0,0,0,0,1,0,0,0,0,0,0,0,0,0,0,0,0,0,0,0,0,0,0,0,0,0,0,0,0,0,0,0,0,0,0,0,0,0,0,0,0,0,0,0,0,0,0,0,0,0,0,0,0,0,1,0,0,0,0,0,1,0,0,0,1,1,0,0,0,1,0,0,1,0,2,2,1,1,1,0,1,1,0,3,3,2,0,2,1,0,0,1,0,1,2,1,0,3,1,0,1,3,0,0,0
archi_ADJ tectonique_NOUN,0,0,0,0,0,0,0,0,0,0,0,2,0,0,0,0,0,0,0,0,0,0,0,0,0,0,0,0,0,0,1,0,0,0,0,0,0,0,0,0,0,0,0,0,2,3,0,1,0,0,0,1,0,0,0,0,0,0,1,0,1,1,0,0,0,0,0,0,0,0,0,0,0,0,0,0,1,4,0,1,0,0,0,0,0,0,0,1,0,0,0,0,0,0,1,0,0,0,0,0,0,1,0,1,0,0,0,0,0,1,0,0,0,0,0,0,0,0,0,0,0,0,0,0,0,0,0,0,0,0,0,0,0,0,0,0,0,0,0,0,0,0,0,0,0,0,0,0,0,0,0,0,0,0,0,0,0,0,0,1,0,0,0,0,0,1,0,0,0,0,1,0,0,0,1,0,0,1,0,2,2,1,1,1,0,1,1,0,3,3,2,0,2,1,0,0,1,0,1,2,1,0,3,1,0,1,3,0,0,0
archi_ADJ tecture,0,0,0,1,1,1,0,2,1,3,0,0,0,1,0,0,1,0,2,1,0,0,0,0,0,1,2,0,0,0,2,1,1,2,3,1,2,1,5,2,3,5,0,1,1,1,1,0,0,0,0,2,1,2,0,1,1,1,4,0,5,3,2,0,0,2,3,2,5,3,1,0,0,1,2,3,0,2,3,0,1,1,1,1,0,0,1,0,0,1,1,1,0,1,0,0,2,1,1,0,1,0,0,1,1,0,1,1,0,2,1,3,3,2,0,0,0,0,0,0,1,1,6,0,0,1,0,1,0,0,2,0,4,0,1,0,0,2,0,1,2,0,0,1,0,0,0,0,1,0,1,1,1,3,0,1,0,1,0,0,1,1,0,1,1,1,1,2,1,2,0,2,4,4,1,4,2,3,3,4,3,3,4,3,2,5,3,5,5,0,3,1,0,1,3,1,3,2,1,1,2,5,5,6,6,3,8,6,1,0
archi_ADJ tecture_ADV,0,0,0,0,0,0,0,0,0,1,0,0,0,0,0,0,1,0,0,1,0,0,0,0,0,1,0,0,0,0,0,0,0,1,0,0,1,0,2,0,0,0,0,0,0,0,0,0,0,0,0,0,0,0,0,0,0,1,0,0,0,0,1,0,0,0,0,1,0,0,1,0,0,0,0,0,0,1,0,0,0,0,0,0,0,0,0,0,0,0,0,0,0,1,0,0,1,0,1,0,0,0,0,0,0,0,0,1,0,0,0,0,0,0,0,0,0,0,0,0,0,0,1,0,0,1,0,0,0,0,1,0,0,0,0,0,0,0,0,0,0,0,0,0,0,0,0,0,1,0,1,1,0,0,0,0,0,0,0,0,0,0,0,0,0,0,0,0,0,0,0,0,0,0,0,1,1,1,0,0,2,1,1,0,1,1,0,0,0,0,0,0,0,0,0,0,1,0,0,0,1,2,1,0,1,0,0,3,0,0
archi_ADJ tecture_NOUN,0,0,0,1,1,1,0,2,1,2,0,0,0,1,0,0,0,0,2,0,0,0,0,0,0,0,2,0,0,0,2,1,1,1,3,1,1,1,3,2,3,5,0,1,1,1,1,0,0,0,0,2,1,2,0,1,1,0,4,0,5,3,1,0,0,2,3,1,5,3,0,0,0,1,2,3,0,1,3,0,1,1,1,1,0,0,1,0,0,1,1,1,0,0,0,0,1,1,0,0,1,0,0,1,1,0,1,0,0,2,1,3,3,2,0,0,0,0,0,0,1,1,5,0,0,0,0,1,0,0,1,0,4,0,1,0,0,2,0,1,2,0,0,1,0,0,0,0,0,0,0,0,1,3,0,1,0,1,0,0,1,1,0,1,1,1,1,2,1,2,0,2,4,4,1,3,1,2,3,4,1,2,3,3,1,4,3,5,5,0,3,1,0,1,3,1,2,2,1,1,1,3,4,6,5,3,8,3,1,0
archi_ADV 1,0,0,0,0,0,0,0,0,0,0,0,0,0,0,0,0,0,0,0,0,0,0,0,0,0,0,0,1,0,2,0,0,0,0,0,0,0,0,0,0,0,4,0,0,0,1,0,0,0,0,2,0,1,0,0,0,0,0,1,0,2,4,0,4,1,1,2,0,1,0,0,1,8,0,4,0,0,2,0,0,2,0,0,0,3,1,1,1,0,0,0,1,0,1,2,2,0,1,0,0,1,2,3,0,0,0,0,0,1,0,1,6,0,2,2,2,4,0,0,0,0,1,0,2,1,0,3,0,0,1,0,2,2,1,0,0,2,1,2,1,1,1,2,0,1,0,0,0,0,0,0,2,2,0,1,0,1,0,0,4,0,1,1,3,3,7,1,1,3,0,2,0,1,4,0,1,2,2,0,3,0,0,0,0,0,0,1,0,0,2,0,0,0,1,1,0,2,2,5,2,1,5,1,6,3,0,0,0,1,1
archi_ADV 1_ADJ,0,0,0,0,0,0,0,0,0,0,0,0,0,0,0,0,0,0,0,0,0,0,0,0,0,0,0,0,0,0,0,0,0,0,0,0,0,0,0,0,0,0,0,0,0,1,0,0,0,0,1,0,0,0,0,0,0,0,0,0,2,2,0,4,1,1,1,0,1,0,0,1,8,0,2,0,0,1,0,0,2,0,0,0,3,1,1,1,0,0,0,1,0,1,2,1,0,1,0,0,1,2,3,0,0,0,0,0,1,0,1,5,0,2,2,2,4,0,0,0,0,0,0,2,1,0,3,0,0,0,0,2,1,1,0,0,1,1,1,0,1,1,0,0,1,0,0,0,0,0,0,2,2,0,1,0,1,0,0,4,0,0,1,3,3,6,1,1,3,0,2,0,1,2,0,1,1,2,0,3,0,0,0,0,0,0,1,0,0,2,0,0,0,1,1,0,2,1,5,2,1,5,0,1,2,0,0,0,1,1
archi_ADV _ADJ_,1,4,0,4,2,0,2,3,0,2,1,3,1,1,0,0,2,0,4,6,2,6,7,6,1,10,6,5,1,9,15,3,4,2,5,8,15,6,16,7,14,17,14,19,15,26,27,18,14,28,31,10,18,15,8,11,26,7,18,16,28,20,24,23,22,20,33,15,18,34,10,11,39,18,16,13,12,12,14,11,10,5,11,5,12,20,14,10,15,5,6,16,12,10,16,17,8,10,15,11,18,12,24,4,22,11,20,12,18,18,8,11,6,9,16,10,16,9,4,5,13,8,10,16,10,11,10,8,8,9,8,11,12,25,13,11,5,15,7,4,8,7,5,2,2,3,9,11,6,9,3,12,13,9,9,4,13,12,16,7,11,22,8,15,14,25,13,25,42,24,18,26,39,20,25,26,37,27,31,27,29,37,35,14,41,33,38,21,33,47,53,44,34,46,31,40,69,31,41,68,50,52,50,73,47,60,69,39,63,53
archi_ADV _ADP_,0,0,0,0,0,0,2,0,0,0,0,1,0,0,0,0,0,0,0,0,0,4,9,0,2,0,0,1,0,2,0,0,0,0,2,0,0,0,0,1,2,0,0,0,0,0,0,2,2,0,0,0,1,0,0,1,1,0,0,0,0,0,1,1,0,1,0,0,0,0,0,0,2,0,0,2,0,1,0,0,0,0,10,0,0,0,0,0,1,0,0,0,0,0,1,0,0,0,0,0,0,0,2,0,0,0,1,0,0,0,0,0,0,0,1,1,0,0,0,0,0,0,0,0,0,0,0,0,0,0,0,0,0,0,0,0,1,0,0,0,0,0,1,0,0,0,0,0,0,0,1,0,0,2,0,0,1,1,0,0,0,0,1,0,0,0,0,0,1,0,1,0,1,0,2,2,6,1,2,1,0,0,0,3,5,0,1,0,2,0,1,0,2,2,1,0,0,0,0,2,0,3,1,1,4,1,3,2,2,2
archi_ADV _ADV_,0,0,0,0,2,1,0,0,0,0,0,0,0,0,0,1,1,1,0,0,0,0,0,0,0,6,0,1,0,0,2,1,0,2,0,1,3,0,0,0,0,2,2,4,4,3,4,3,3,4,0,2,0,0,0,2,0,0,1,1,2,7,0,1,4,2,1,1,2,8,0,2,6,1,5,0,3,1,0,8,1,3,3,3,0,2,0,3,3,1,3,1,2,1,2,2,3,2,3,2,4,4,6,5,3,2,2,2,5,1,1,2,1,0,0,6,0,0,2,1,0,5,0,2,1,1,0,0,2,3,0,1,3,0,1,0,1,0,0,3,3,0,1,0,0,0,0,1,1,0,1,1,1,0,5,0,2,0,1,3,1,4,1,5,2,8,1,1,0,2,2,5,0,1,2,0,1,2,1,1,0,2,5,0,6,4,0,3,2,4,3,4,2,3,4,3,3,2,3,3,6,2,6,2,3,4,4,6,13,5
archi_ADV _CONJ_,0,0,1,0,0,0,0,0,0,0,0,2,0,0,0,0,0,1,0,1,0,2,7,0,1,0,0,1,0,2,0,0,0,0,3,0,0,0,1,0,0,1,1,0,0,0,2,0,0,0,0,1,0,0,0,0,0,0,1,1,0,0,0,0,0,2,0,1,0,0,0,0,0,0,0,1,0,0,0,0,0,1,1,0,0,2,0,0,0,0,0,1,0,0,0,0,0,0,0,1,0,2,0,1,0,0,1,1,0,0,0,0,0,0,0,0,0,0,0,1,0,0,0,0,0,0,0,1,0,0,0,0,3,0,0,0,0,0,0,0,0,0,0,0,0,0,0,0,0,0,1,0,0,2,0,0,0,1,0,0,2,0,0,2,1,0,0,1,1,2,1,1,0,1,0,0,0,0,0,0,4,0,1,0,0,0,0,0,0,0,0,0,1,0,0,0,2,2,0,0,0,1,1,3,1,2,0,2,0,0
archi_ADV _DET_,4,2,8,11,4,4,18,6,11,3,6,7,4,2,3,12,2,2,9,14,11,8,12,6,16,15,14,26,23,21,28,10,6,21,21,33,15,26,15,15,19,39,12,21,20,16,7,15,5,16,31,25,16,34,28,10,33,11,14,27,34,15,22,19,21,5,42,74,20,12,5,7,18,15,21,18,13,30,17,13,24,4,9,14,5,18,9,7,20,8,14,17,15,17,14,12,13,11,19,8,15,21,22,11,11,16,17,14,9,8,7,15,4,8,15,7,3,3,11,1,4,6,2,7,5,6,6,4,6,7,6,7,10,4,6,6,5,3,7,4,4,3,6,2,2,1,3,7,5,14,5,12,4,3,10,7,2,2,5,3,5,6,6,8,5,15,3,5,13,21,18,11,17,8,10,14,15,17,7,18,18,9,10,6,12,10,15,10,14,12,18,6,15,9,20,20,29,16,12,15,19,6,15,28,13,17,17,12,9,6
archi_ADV _NOUN_,0,0,0,0,0,0,0,0,0,0,0,0,0,0,0,0,0,0,0,0,0,0,0,0,0,0,0,1,0,1,0,0,0,0,0,0,0,0,0,0,0,0,2,0,0,0,0,1,0,0,0,0,0,2,1,2,0,0,0,0,0,0,1,0,0,1,0,0,0,2,0,0,0,0,1,0,1,0,1,0,0,1,1,0,0,0,0,1,0,2,1,0,1,0,0,0,1,0,0,0,0,1,0,0,5,0,1,0,1,0,0,0,0,0,0,0,0,0,0,0,0,0,0,1,1,0,0,0,0,1,1,0,0,0,0,2,0,0,0,0,0,0,0,0,0,0,0,0,0,0,0,2,0,0,0,0,0,0,0,0,2,0,1,0,1,1,1,0,1,0,1,1,0,0,1,0,0,0,2,0,0,0,0,0,0,0,0,0,0,0,1,0,0,0,0,3,1,0,1,2,0,0,0,1,0,1,0,1,0,1
archi_ADV _PRON_,0,0,0,0,1,0,2,0,1,0,0,0,0,0,0,0,0,1,1,1,0,0,0,0,3,0,2,1,8,0,1,0,1,1,0,0,2,6,1,0,0,1,0,1,1,2,1,0,0,0,0,3,0,3,0,0,0,1,0,2,1,1,0,0,2,1,4,1,0,0,1,0,1,0,0,1,0,0,0,0,1,2,1,0,0,0,0,0,0,1,0,1,0,0,0,0,0,0,0,0,2,5,0,1,0,0,0,0,0,0,3,1,0,0,0,1,0,0,0,1,0,0,1,0,0,0,0,1,2,0,0,1,3,0,2,0,1,0,4,0,0,0,0,0,0,0,0,0,0,0,0,1,0,1,1,0,0,0,0,1,1,3,0,0,1,0,1,2,3,1,2,0,0,2,0,1,0,2,1,2,0,4,4,0,2,1,7,2,1,5,2,5,1,3,2,0,1,3,2,3,2,6,4,7,1,2,4,2,7,3
archi_ADV _VERB_,1,0,0,1,0,0,0,0,0,0,0,1,0,0,4,0,0,1,1,7,0,1,0,5,7,0,2,2,5,6,6,3,1,3,1,6,1,3,2,1,0,3,4,5,2,9,1,0,0,5,5,5,2,1,6,4,1,6,5,2,2,2,2,2,8,9,4,5,4,2,0,2,2,1,4,0,1,3,3,1,2,0,2,9,2,0,3,5,2,3,1,2,1,1,3,0,0,1,4,3,1,3,1,4,2,3,7,9,4,7,3,3,1,6,2,1,2,0,6,3,3,2,1,2,2,1,6,2,2,2,3,1,3,5,1,1,3,1,0,1,3,1,2,0,0,1,0,1,3,2,2,3,1,2,4,0,3,1,3,3,3,6,3,7,4,2,3,8,9,7,7,5,9,6,4,11,14,5,7,12,14,3,7,9,12,5,11,8,10,6,10,10,6,7,5,8,7,15,13,17,18,12,8,31,18,12,18,14,26,21
archi_ADV connu,0,0,0,0,0,0,0,0,0,0,0,0,0,0,0,0,0,0,0,0,0,0,0,0,0,0,0,0,0,0,0,0,0,0,0,0,0,0,0,0,0,0,0,0,0,0,0,0,0,0,0,0,0,0,0,0,0,0,0,0,0,0,0,0,0,0,0,0,0,0,0,0,0,0,0,0,0,0,0,0,0,0,0,0,0,0,0,1,0,0,0,0,0,0,1,0,0,0,0,0,0,0,1,1,0,0,0,2,0,0,0,0,0,0,0,0,0,0,0,0,1,0,0,0,1,1,4,0,0,1,0,0,0,0,0,1,0,0,0,1,0,0,1,0,0,1,0,0,0,2,0,1,0,0,0,0,0,0,1,0,0,5,0,2,2,0,1,0,0,0,0,1,2,2,0,0,0,0,0,2,0,0,2,4,3,0,1,1,2,1,2,4,0,0,1,3,0,2,0,1,1,2,1,0,4,4,2,0,1,3
archi_ADV connu_VERB,0,0,0,0,0,0,0,0,0,0,0,0,0,0,0,0,0,0,0,0,0,0,0,0,0,0,0,0,0,0,0,0,0,0,0,0,0,0,0,0,0,0,0,0,0,0,0,0,0,0,0,0,0,0,0,0,0,0,0,0,0,0,0,0,0,0,0,0,0,0,0,0,0,0,0,0,0,0,0,0,0,0,0,0,0,0,0,1,0,0,0,0,0,0,1,0,0,0,0,0,0,0,1,1,0,0,0,2,0,0,0,0,0,0,0,0,0,0,0,0,1,0,0,0,1,1,4,0,0,0,0,0,0,0,0,1,0,0,0,1,0,0,1,0,0,1,0,0,0,2,0,1,0,0,0,0,0,0,1,0,0,5,0,2,2,0,1,0,0,0,0,1,2,2,0,0,0,0,0,2,0,0,2,4,3,0,1,1,2,1,2,4,0,0,1,3,0,2,0,1,1,2,1,0,4,4,2,0,1,3
archi_ADV connus,0,0,0,0,0,0,0,0,0,0,0,0,0,0,0,0,0,0,0,0,0,0,0,0,0,0,0,0,0,0,0,0,0,0,0,0,0,0,0,0,0,0,0,0,0,0,0,0,0,0,0,0,0,0,0,0,0,0,0,0,0,0,0,0,0,0,0,0,0,0,0,0,0,0,0,0,0,0,0,0,0,0,0,0,0,0,0,0,0,0,0,0,0,0,0,0,0,0,0,0,0,0,0,0,0,0,0,0,1,0,0,0,0,1,0,0,0,0,1,0,2,0,0,0,0,0,0,0,0,0,0,0,0,2,0,0,0,0,0,0,0,0,0,0,0,0,0,0,0,0,0,0,0,2,1,0,1,0,0,0,0,0,0,0,0,0,0,1,0,0,0,0,0,0,0,0,1,0,1,0,2,0,0,0,0,1,3,0,0,1,0,1,0,1,0,3,2,0,3,2,1,0,0,6,0,1,0,0,3,1
archi_ADV et,0,0,1,0,0,0,0,0,0,0,0,2,0,0,0,0,0,0,0,1,0,0,2,0,1,0,0,1,0,0,0,0,0,0,0,0,0,0,1,0,0,1,1,0,0,0,2,0,0,0,0,0,0,0,0,0,0,0,1,0,0,0,0,0,0,0,0,0,0,0,0,0,0,0,0,1,0,0,0,0,0,1,1,0,0,0,0,0,0,0,0,1,0,0,0,0,0,0,0,0,0,2,0,1,0,0,0,1,0,0,0,0,0,0,0,0,0,0,0,0,0,0,0,0,0,0,0,0,0,0,0,0,3,0,0,0,0,0,0,0,0,0,0,0,0,0,0,0,0,0,1,0,0,2,0,0,0,0,0,0,0,0,0,1,0,0,0,0,0,1,0,0,0,1,0,0,0,0,0,0,4,0,1,0,0,0,0,0,0,0,0,0,0,0,0,0,0,2,0,0,0,0,0,2,1,0,0,0,0,0
archi_ADV et_CONJ,0,0,1,0,0,0,0,0,0,0,0,2,0,0,0,0,0,0,0,1,0,0,2,0,1,0,0,1,0,0,0,0,0,0,0,0,0,0,1,0,0,1,1,0,0,0,2,0,0,0,0,0,0,0,0,0,0,0,1,0,0,0,0,0,0,0,0,0,0,0,0,0,0,0,0,1,0,0,0,0,0,1,1,0,0,0,0,0,0,0,0,1,0,0,0,0,0,0,0,0,0,2,0,1,0,0,0,1,0,0,0,0,0,0,0,0,0,0,0,0,0,0,0,0,0,0,0,0,0,0,0,0,3,0,0,0,0,0,0,0,0,0,0,0,0,0,0,0,0,0,1,0,0,2,0,0,0,0,0,0,0,0,0,1,0,0,0,0,0,1,0,0,0,1,0,0,0,0,0,0,4,0,1,0,0,0,0,0,0,0,0,0,0,0,0,0,0,2,0,0,0,0,0,2,1,0,0,0,0,0
archi_ADV faux,0,0,0,0,0,0,0,0,0,0,0,0,0,0,0,0,0,0,0,0,0,0,0,0,0,0,0,0,0,0,0,0,0,0,0,0,0,0,0,0,0,0,0,0,0,0,0,0,0,0,0,0,0,0,0,0,0,0,0,0,0,0,0,0,0,0,0,0,0,0,0,0,0,0,0,0,0,0,0,3,0,0,0,0,0,0,0,0,0,0,0,0,0,0,0,0,0,0,0,0,2,0,0,0,0,0,0,0,0,0,0,0,0,0,0,0,0,0,0,0,0,0,0,0,0,0,0,2,0,0,0,1,0,0,0,0,1,0,0,0,0,0,0,0,0,0,1,0,0,0,0,0,0,0,0,0,0,0,0,0,0,1,0,0,0,0,0,0,1,0,0,0,0,0,2,3,0,0,0,0,0,1,1,0,5,1,0,1,1,0,0,1,0,0,0,8,3,0,1,3,2,1,2,2,1,3,3,4,1,5
archi_ADV faux_ADJ,0,0,0,0,0,0,0,0,0,0,0,0,0,0,0,0,0,0,0,0,0,0,0,0,0,0,0,0,0,0,0,0,0,0,0,0,0,0,0,0,0,0,0,0,0,0,0,0,0,0,0,0,0,0,0,0,0,0,0,0,0,0,0,0,0,0,0,0,0,0,0,0,0,0,0,0,0,0,0,3,0,0,0,0,0,0,0,0,0,0,0,0,0,0,0,0,0,0,0,0,2,0,0,0,0,0,0,0,0,0,0,0,0,0,0,0,0,0,0,0,0,0,0,0,0,0,0,2,0,0,0,1,0,0,0,0,1,0,0,0,0,0,0,0,0,0,1,0,0,0,0,0,0,0,0,0,0,0,0,0,0,1,0,0,0,0,0,0,1,0,0,0,0,0,2,3,0,0,0,0,0,1,1,0,5,1,0,1,1,0,0,1,0,0,0,8,3,0,1,3,2,1,2,2,1,3,3,4,1,5
archi_ADV prêtre,0,0,0,0,2,0,0,0,0,0,0,0,0,0,0,0,0,0,0,0,0,1,0,0,0,1,0,1,0,1,0,0,0,0,0,1,1,0,0,0,0,1,2,1,3,1,2,1,2,0,4,1,1,0,0,1,1,0,0,0,3,0,0,0,2,1,1,0,1,1,1,0,2,0,1,0,1,0,0,2,0,1,0,0,0,1,1,2,2,0,2,1,2,0,1,1,0,1,2,2,1,1,5,3,2,0,3,2,4,2,1,1,1,0,0,5,1,0,1,1,2,2,0,0,0,0,0,0,1,0,0,0,1,1,0,0,0,0,0,1,0,0,0,0,0,0,0,0,0,0,1,1,0,0,0,0,0,0,1,0,0,0,0,0,1,0,0,0,0,0,0,0,0,0,0,0,0,0,0,0,0,0,0,0,1,0,0,0,0,0,0,0,0,0,0,0,0,1,0,0,0,0,1,0,0,0,2,0,0,0
archi_ADV prêtre_ADV,0,0,0,0,2,0,0,0,0,0,0,0,0,0,0,0,0,0,0,0,0,0,0,0,0,0,0,1,0,0,0,0,0,0,0,1,1,0,0,0,0,1,1,1,3,1,2,1,2,0,0,1,0,0,0,1,0,0,0,0,2,0,0,0,2,0,1,0,0,0,0,0,2,0,1,0,0,0,0,0,0,1,0,0,0,1,0,1,2,0,2,1,1,0,1,1,0,1,2,1,1,1,5,3,1,0,1,1,3,1,0,1,1,0,0,5,0,0,1,1,0,1,0,0,0,0,0,0,0,0,0,0,1,0,0,0,0,0,0,1,0,0,0,0,0,0,0,0,0,0,0,1,0,0,0,0,0,0,1,0,0,0,0,0,0,0,0,0,0,0,0,0,0,0,0,0,0,0,0,0,0,0,0,0,0,0,0,0,0,0,0,0,0,0,0,0,0,1,0,0,0,0,1,0,0,0,0,0,0,0
archi_ADV qui,0,0,0,0,0,0,2,0,0,0,0,0,0,0,0,0,0,1,0,1,0,0,0,0,0,0,1,0,4,0,1,0,0,0,0,0,2,2,0,0,0,0,0,0,0,0,0,0,0,0,0,0,0,0,0,0,0,1,0,0,0,1,0,0,0,0,0,0,0,0,0,0,0,0,0,0,0,0,0,0,0,0,0,0,0,0,0,0,0,1,0,1,0,0,0,0,0,0,0,0,0,0,0,1,0,0,0,0,0,0,0,0,0,0,0,0,0,0,0,0,0,0,0,0,0,0,0,0,2,0,0,0,1,0,2,0,0,0,0,0,0,0,0,0,0,0,0,0,0,0,0,0,0,0,0,0,0,0,0,0,0,0,0,0,0,0,0,0,2,0,0,0,0,0,0,0,0,0,0,0,0,2,0,0,2,1,3,0,0,4,1,0,0,0,1,0,0,0,0,0,0,0,0,2,0,0,2,1,0,1
archi_ADV qui_PRON,0,0,0,0,0,0,2,0,0,0,0,0,0,0,0,0,0,1,0,1,0,0,0,0,0,0,1,0,4,0,1,0,0,0,0,0,2,2,0,0,0,0,0,0,0,0,0,0,0,0,0,0,0,0,0,0,0,1,0,0,0,1,0,0,0,0,0,0,0,0,0,0,0,0,0,0,0,0,0,0,0,0,0,0,0,0,0,0,0,1,0,1,0,0,0,0,0,0,0,0,0,0,0,1,0,0,0,0,0,0,0,0,0,0,0,0,0,0,0,0,0,0,0,0,0,0,0,0,2,0,0,0,1,0,2,0,0,0,0,0,0,0,0,0,0,0,0,0,0,0,0,0,0,0,0,0,0,0,0,0,0,0,0,0,0,0,0,0,2,0,0,0,0,0,0,0,0,0,0,0,0,2,0,0,2,1,3,0,0,4,1,0,0,0,1,0,0,0,0,0,0,0,0,2,0,0,2,1,0,1
archi_ADV tecte,0,1,0,0,0,1,0,1,0,0,0,0,0,0,0,0,2,0,2,0,0,0,0,0,1,0,0,0,1,0,3,1,0,3,2,2,0,1,0,0,1,0,0,2,2,0,5,0,0,2,0,0,1,3,1,1,4,0,0,3,0,1,5,1,0,3,7,0,7,1,0,0,2,1,4,0,4,2,0,7,2,2,3,2,1,4,0,1,2,0,0,1,3,2,0,3,1,0,4,0,7,5,1,2,3,3,2,2,2,1,0,3,0,0,0,2,0,4,4,1,1,2,4,3,1,2,1,1,2,3,2,2,0,2,1,0,1,0,0,1,0,0,1,0,0,0,1,1,2,0,0,0,2,1,0,1,0,0,0,0,1,1,0,1,1,1,1,2,2,3,5,7,2,3,8,2,2,0,2,4,1,1,2,0,6,6,4,1,4,8,8,7,6,2,5,3,5,0,3,5,1,1,6,3,2,3,7,2,3,1
archi_ADV tecte_ADJ,0,1,0,0,0,0,0,1,0,0,0,0,0,0,0,0,1,0,1,0,0,0,0,0,0,0,0,0,1,0,3,1,0,0,2,1,0,1,0,0,1,0,0,0,2,0,5,0,0,0,0,0,1,3,0,0,1,0,0,2,0,1,2,1,0,1,5,0,4,1,0,0,1,0,1,0,4,2,0,0,1,2,2,0,1,1,0,0,1,0,0,1,1,1,0,2,1,0,2,0,1,0,0,0,0,0,1,0,0,0,0,1,0,0,0,1,0,4,1,1,1,1,4,3,1,1,1,0,0,2,0,1,0,2,0,0,0,0,0,0,0,0,1,0,0,0,1,1,2,0,0,0,2,1,0,1,0,0,0,0,1,1,0,1,0,0,0,1,0,2,0,1,0,1,8,1,1,0,0,4,0,1,1,0,1,3,1,1,2,4,6,3,1,0,1,0,1,0,1,3,1,0,3,0,2,0,1,0,0,0
archi_ADV tecte_ADV,0,0,0,0,0,0,0,0,0,0,0,0,0,0,0,0,1,0,0,0,0,0,0,0,0,0,0,0,0,0,0,0,0,0,0,0,0,0,0,0,0,0,0,2,0,0,0,0,0,2,0,0,0,0,0,0,0,0,0,0,0,0,0,0,0,1,0,0,2,0,0,0,0,0,2,0,0,0,0,7,1,0,1,0,0,1,0,1,0,0,0,0,0,0,0,1,0,0,1,0,1,1,1,1,2,2,1,1,2,0,0,1,0,0,0,1,0,0,0,0,0,1,0,0,0,0,0,0,0,1,0,0,0,0,0,0,1,0,0,1,0,0,0,0,0,0,0,0,0,0,0,0,0,0,0,0,0,0,0,0,0,0,0,0,0,0,0,1,0,0,0,0,0,1,0,0,0,0,0,0,0,0,0,0,2,1,0,0,0,1,1,3,1,0,1,0,0,0,1,0,0,1,0,1,0,1,3,1,2,1
archi_ADV tecte_DET,0,0,0,0,0,1,0,0,0,0,0,0,0,0,0,0,0,0,1,0,0,0,0,0,1,0,0,0,0,0,0,0,0,0,0,1,0,0,0,0,0,0,0,0,0,0,0,0,0,0,0,0,0,0,1,1,3,0,0,1,0,0,3,0,0,1,2,0,1,0,0,0,1,1,1,0,0,0,0,0,0,0,0,2,0,2,0,0,1,0,0,0,2,1,0,0,0,0,1,0,5,0,0,1,1,1,0,1,0,1,0,1,0,0,0,0,0,0,3,0,0,0,0,0,0,1,0,1,2,0,2,1,0,0,1,0,0,0,0,0,0,0,0,0,0,0,0,0,0,0,0,0,0,0,0,0,0,0,0,0,0,0,0,0,1,1,1,0,2,1,5,6,2,0,0,1,1,0,2,0,1,0,1,0,3,2,3,0,2,3,1,1,4,2,3,3,4,0,1,2,0,0,3,2,0,2,3,1,1,0
archi_ADV tectes,0,0,0,0,0,0,0,0,0,0,0,0,0,0,0,0,0,0,0,4,0,0,0,0,0,0,0,0,0,0,0,0,0,0,1,0,0,0,0,0,0,0,0,0,0,0,1,0,0,0,0,0,1,0,0,0,1,0,0,0,0,0,1,1,0,0,0,0,0,0,0,0,1,0,0,0,0,0,0,0,0,0,0,0,1,0,0,0,0,0,0,0,0,0,2,2,0,0,0,0,0,0,0,0,0,1,0,0,0,0,0,0,0,0,0,0,0,0,0,1,0,0,0,0,0,0,0,0,0,0,0,0,0,1,0,0,0,0,0,0,0,0,0,0,0,0,0,0,0,0,0,0,0,0,0,0,1,0,1,0,0,0,1,0,0,0,0,4,1,1,2,0,0,0,1,1,0,0,0,0,2,0,2,1,1,0,2,0,0,1,0,1,4,1,0,0,3,1,0,1,0,0,0,1,0,1,0,0,0,0
archi_ADV tectonique,0,0,0,0,0,0,0,0,0,0,0,3,0,1,0,0,0,0,0,0,0,1,1,2,0,0,2,2,1,2,4,1,3,2,1,7,1,5,4,2,10,4,7,7,10,12,8,6,10,6,11,6,3,5,1,3,8,1,6,8,3,6,9,5,11,6,12,4,8,15,1,5,6,2,5,7,2,5,5,4,2,0,6,1,1,6,1,2,4,1,1,2,3,8,3,2,1,4,2,4,2,4,3,0,3,5,7,2,4,5,2,2,0,1,3,4,2,1,0,2,3,1,2,1,3,3,4,0,1,2,2,0,3,6,3,7,1,3,3,1,0,0,2,0,0,1,0,1,0,1,1,0,3,2,1,0,3,2,1,3,5,4,2,6,2,6,5,5,7,7,8,4,13,3,6,4,7,12,10,7,4,11,14,3,4,11,8,6,9,5,33,15,14,18,9,14,21,13,10,15,15,11,9,31,6,11,14,6,9,8
archi_ADV tectonique_ADJ,0,0,0,0,0,0,0,0,0,0,0,3,0,1,0,0,0,0,0,0,0,1,1,2,0,0,2,2,0,2,4,1,3,0,1,0,1,3,4,2,10,3,6,4,6,11,8,6,8,6,11,6,3,5,1,3,6,1,6,6,3,5,8,4,11,3,12,4,7,15,1,5,6,2,5,7,2,4,5,2,2,0,4,1,1,6,1,2,4,1,1,2,3,4,3,2,0,2,1,4,2,2,3,0,3,5,5,2,3,5,1,2,0,1,2,3,2,1,0,1,3,1,2,1,2,3,4,0,1,2,2,0,3,6,3,5,1,3,3,1,0,0,2,0,0,1,0,1,0,1,0,0,2,2,1,0,3,2,1,1,4,4,2,6,1,4,4,5,6,6,5,3,11,3,5,3,7,9,8,5,4,11,13,3,4,11,8,6,8,3,31,13,13,13,7,12,18,8,8,11,12,10,7,26,6,10,12,3,8,8
archi_ADV tectonique_DET,0,0,0,0,0,0,0,0,0,0,0,0,0,0,0,0,0,0,0,0,0,0,0,0,0,0,0,0,1,0,0,0,0,1,0,4,0,2,0,0,0,1,0,3,3,0,0,0,1,0,0,0,0,0,0,0,2,0,0,1,0,1,1,0,0,0,0,0,1,0,0,0,0,0,0,0,0,0,0,2,0,0,0,0,0,0,0,0,0,0,0,0,0,2,0,0,1,2,1,0,0,2,0,0,0,0,1,0,0,0,1,0,0,0,1,1,0,0,0,0,0,0,0,0,1,0,0,0,0,0,0,0,0,0,0,2,0,0,0,0,0,0,0,0,0,0,0,0,0,0,1,0,1,0,0,0,0,0,0,2,1,0,0,0,0,2,0,0,1,1,2,1,2,0,1,1,0,3,1,2,0,0,0,0,0,0,0,0,0,0,1,2,1,4,1,1,3,4,2,3,3,1,2,1,0,1,2,3,0,0
archi_ADV tectoniques,1,0,0,0,0,0,0,0,0,1,0,0,0,0,0,0,1,0,1,0,0,0,1,0,0,5,1,0,0,0,2,2,2,1,1,4,7,2,4,4,2,14,5,10,7,13,3,7,4,17,17,5,6,4,4,4,13,2,8,8,4,8,11,8,10,9,5,10,2,13,4,3,10,11,4,6,6,3,3,2,3,2,2,1,1,4,3,2,3,2,3,3,6,0,4,1,4,3,1,1,4,8,5,1,3,1,6,1,7,6,3,1,1,1,3,1,2,0,1,0,0,1,0,1,0,0,1,1,2,3,1,3,4,6,3,2,3,2,4,0,4,0,0,0,1,0,1,1,2,1,0,2,1,1,1,0,1,1,0,2,2,1,0,1,2,2,2,3,5,9,4,10,4,3,2,3,7,2,3,12,9,4,3,2,2,2,6,2,6,5,4,3,1,11,8,3,6,3,3,15,2,3,5,6,4,3,3,2,3,1
archi_ADV tectoniques_ADJ,1,0,0,0,0,0,0,0,0,1,0,0,0,0,0,0,1,0,1,0,0,0,1,0,0,5,0,0,0,0,1,1,1,1,1,4,7,1,2,4,1,9,4,10,6,13,3,7,3,15,14,2,6,4,3,3,13,1,6,6,3,8,10,8,5,8,4,8,2,13,4,2,8,10,3,6,1,3,1,2,2,2,1,1,1,4,2,1,3,2,2,3,4,0,4,1,3,3,0,1,4,5,3,1,3,0,6,1,7,6,2,1,1,1,3,1,1,0,0,0,0,1,0,1,0,0,0,1,0,0,1,3,2,6,2,2,2,2,2,0,4,0,0,0,1,0,1,1,1,1,0,2,1,1,1,0,1,1,0,0,1,1,0,1,2,1,2,2,5,5,3,7,3,2,1,1,6,1,2,6,5,3,1,1,2,2,4,2,5,4,2,2,0,8,7,2,6,2,3,11,2,3,3,5,3,3,3,1,2,1
archi_ADV tectoniques_DET,0,0,0,0,0,0,0,0,0,0,0,0,0,0,0,0,0,0,0,0,0,0,0,0,0,0,1,0,0,0,0,0,0,0,0,0,0,0,0,0,1,2,1,0,0,0,0,0,1,0,2,0,0,0,1,0,0,1,0,1,1,0,1,0,0,0,0,1,0,0,0,1,1,1,0,0,5,0,2,0,0,0,0,0,0,0,0,0,0,0,1,0,1,0,0,0,1,0,0,0,0,2,2,0,0,1,0,0,0,0,0,0,0,0,0,0,1,0,0,0,0,0,0,0,0,0,0,0,1,1,0,0,1,0,1,0,0,0,2,0,0,0,0,0,0,0,0,0,1,0,0,0,0,0,0,0,0,0,0,1,0,0,0,0,0,0,0,0,0,0,1,0,1,1,1,1,1,0,0,5,2,1,2,1,0,0,1,0,0,1,2,0,0,1,0,1,0,1,0,1,0,0,2,1,1,0,0,1,1,0
archi_ADV tectoniques_VERB,0,0,0,0,0,0,0,0,0,0,0,0,0,0,0,0,0,0,0,0,0,0,0,0,0,0,0,0,0,0,1,1,1,0,0,0,0,1,2,0,0,3,0,0,1,0,0,0,0,2,1,3,0,0,0,1,0,0,2,1,0,0,0,0,5,1,1,1,0,0,0,0,1,0,1,0,0,0,0,0,1,0,1,0,0,0,1,1,0,0,0,0,1,0,0,0,0,0,1,0,0,1,0,0,0,0,0,0,0,0,1,0,0,0,0,0,0,0,1,0,0,0,0,0,0,0,1,0,1,2,0,0,1,0,0,0,1,0,0,0,0,0,0,0,0,0,0,0,0,0,0,0,0,0,0,0,0,0,0,1,1,0,0,0,0,1,0,1,0,4,0,3,0,0,0,1,0,1,1,1,2,0,0,0,0,0,1,0,1,0,0,1,1,2,1,0,0,0,0,3,0,0,0,0,0,0,0,0,0,0
archi_ADV tectural,0,0,0,0,0,0,0,0,0,0,0,0,0,0,0,0,0,0,0,0,0,0,0,0,0,0,0,0,0,0,0,0,0,0,0,0,0,0,0,0,0,0,0,0,0,0,0,0,0,0,0,0,1,0,0,0,0,1,0,0,0,0,1,0,0,0,0,0,0,0,1,0,0,0,0,0,1,0,0,0,0,0,1,0,0,0,0,2,0,0,0,0,0,0,0,0,1,0,0,0,2,0,0,0,0,0,1,0,0,0,0,0,0,0,0,0,0,0,0,0,0,0,0,0,0,1,0,0,0,0,0,1,1,0,2,0,0,0,0,0,0,0,0,0,0,0,1,2,0,0,0,0,0,0,0,0,0,0,1,0,1,0,0,0,0,3,0,1,0,0,0,1,2,1,2,2,3,1,2,0,1,2,1,0,1,3,0,0,0,3,0,2,1,3,4,1,1,1,1,0,4,0,1,2,3,0,0,0,0,2
archi_ADV tectural_ADJ,0,0,0,0,0,0,0,0,0,0,0,0,0,0,0,0,0,0,0,0,0,0,0,0,0,0,0,0,0,0,0,0,0,0,0,0,0,0,0,0,0,0,0,0,0,0,0,0,0,0,0,0,1,0,0,0,0,1,0,0,0,0,1,0,0,0,0,0,0,0,0,0,0,0,0,0,1,0,0,0,0,0,1,0,0,0,0,2,0,0,0,0,0,0,0,0,1,0,0,0,2,0,0,0,0,0,1,0,0,0,0,0,0,0,0,0,0,0,0,0,0,0,0,0,0,1,0,0,0,0,0,1,1,0,2,0,0,0,0,0,0,0,0,0,0,0,1,1,0,0,0,0,0,0,0,0,0,0,1,0,1,0,0,0,0,2,0,0,0,0,0,1,2,1,2,2,3,1,2,0,1,2,1,0,0,3,0,0,0,3,0,1,1,3,1,1,1,1,0,0,3,0,1,2,3,0,0,0,0,2
archi_ADV tecturale,0,0,0,0,0,0,0,0,0,0,0,0,0,0,0,0,0,0,0,0,0,0,0,0,0,0,0,0,0,0,0,0,0,0,0,0,0,0,0,0,1,0,0,0,0,0,0,0,0,0,0,0,0,0,0,0,0,0,0,0,0,0,0,0,0,0,0,0,0,0,0,0,0,0,0,0,0,0,0,0,0,0,0,0,0,0,2,0,0,0,0,0,0,0,0,0,0,0,0,0,0,0,0,0,0,0,0,0,3,0,0,0,0,0,0,0,0,0,0,0,0,0,0,0,0,0,1,0,0,0,0,0,0,0,1,0,0,0,0,0,0,0,0,0,0,0,0,0,0,1,0,2,0,0,0,1,0,1,1,0,1,0,1,0,1,0,0,0,1,1,1,1,1,2,1,1,3,0,1,1,1,1,0,0,0,0,0,1,0,1,0,0,0,4,1,0,8,0,1,0,0,0,0,6,1,2,1,1,1,2
archi_ADV tecturale_ADJ,0,0,0,0,0,0,0,0,0,0,0,0,0,0,0,0,0,0,0,0,0,0,0,0,0,0,0,0,0,0,0,0,0,0,0,0,0,0,0,0,1,0,0,0,0,0,0,0,0,0,0,0,0,0,0,0,0,0,0,0,0,0,0,0,0,0,0,0,0,0,0,0,0,0,0,0,0,0,0,0,0,0,0,0,0,0,2,0,0,0,0,0,0,0,0,0,0,0,0,0,0,0,0,0,0,0,0,0,3,0,0,0,0,0,0,0,0,0,0,0,0,0,0,0,0,0,1,0,0,0,0,0,0,0,1,0,0,0,0,0,0,0,0,0,0,0,0,0,0,1,0,2,0,0,0,1,0,1,1,0,1,0,1,0,1,0,0,0,1,1,1,1,1,2,1,1,2,0,1,1,1,1,0,0,0,0,0,1,0,1,0,0,0,4,1,0,8,0,1,0,0,0,0,6,1,2,1,1,1,2
archi_ADV tecture,0,0,0,1,2,0,0,0,0,0,0,0,0,0,0,0,0,1,0,0,0,0,0,0,0,0,0,0,0,2,1,1,0,1,0,2,0,1,2,1,0,1,1,0,1,1,1,1,0,0,0,6,0,0,2,1,0,0,1,0,3,0,0,0,1,0,0,0,0,0,0,1,0,1,0,0,0,0,1,0,1,1,0,0,0,0,0,0,0,0,0,0,0,1,1,0,0,0,0,0,1,0,0,0,0,1,1,1,1,0,0,0,0,0,1,0,0,0,0,0,0,0,0,1,1,0,0,0,0,0,0,0,0,1,0,1,0,0,0,0,0,2,0,0,0,0,0,0,0,1,0,0,0,0,0,0,0,2,0,0,0,1,0,3,0,1,0,1,0,1,1,0,0,5,0,1,3,3,4,1,3,0,3,1,0,2,2,2,0,0,1,3,2,0,1,2,3,2,1,2,1,1,1,3,1,4,1,0,0,2
archi_ADV tecture_ADJ,0,0,0,0,2,0,0,0,0,0,0,0,0,0,0,0,0,0,0,0,0,0,0,0,0,0,0,0,0,0,0,0,0,0,0,0,0,0,0,1,0,0,0,0,1,0,0,0,0,0,0,1,0,0,0,0,0,0,1,0,1,0,0,0,0,0,0,0,0,0,0,1,0,0,0,0,0,0,1,0,0,0,0,0,0,0,0,0,0,0,0,0,0,1,1,0,0,0,0,0,1,0,0,0,0,1,1,1,1,0,0,0,0,0,1,0,0,0,0,0,0,0,0,0,1,0,0,0,0,0,0,0,0,0,0,0,0,0,0,0,0,1,0,0,0,0,0,0,0,1,0,0,0,0,0,0,0,1,0,0,0,0,0,2,0,0,0,1,0,1,0,0,0,3,0,1,3,1,2,0,3,0,2,0,0,2,1,1,0,0,0,2,2,0,1,1,2,1,0,1,1,1,0,2,0,1,0,0,0,1
archi_ADV tecture_DET,0,0,0,1,0,0,0,0,0,0,0,0,0,0,0,0,0,0,0,0,0,0,0,0,0,0,0,0,0,2,1,1,0,0,0,2,0,1,2,0,0,0,0,0,0,0,0,1,0,0,0,4,0,0,1,0,0,0,0,0,2,0,0,0,1,0,0,0,0,0,0,0,0,1,0,0,0,0,0,0,0,0,0,0,0,0,0,0,0,0,0,0,0,0,0,0,0,0,0,0,0,0,0,0,0,0,0,0,0,0,0,0,0,0,0,0,0,0,0,0,0,0,0,1,0,0,0,0,0,0,0,0,0,0,0,1,0,0,0,0,0,0,0,0,0,0,0,0,0,0,0,0,0,0,0,0,0,1,0,0,0,1,0,1,0,1,0,0,0,0,1,0,0,0,0,0,0,2,2,0,0,0,0,0,0,0,0,1,0,0,1,1,0,0,0,1,1,1,1,1,0,0,1,1,0,3,1,0,0,1
archi_ADV trésorier,0,0,0,0,0,0,0,1,0,0,0,2,0,0,3,0,0,0,1,0,0,0,0,0,0,0,0,1,0,3,1,0,0,0,0,0,0,3,0,1,0,0,1,1,0,2,1,4,0,2,0,1,0,0,3,2,0,4,5,0,11,2,2,1,1,0,10,3,0,0,0,0,0,0,4,0,0,0,1,1,1,0,0,2,0,0,3,1,1,2,0,1,0,0,1,0,0,1,1,0,0,0,1,0,0,0,2,4,0,1,0,0,0,0,0,0,0,0,0,0,0,0,1,0,1,0,0,0,0,0,0,0,0,0,0,0,0,0,0,0,0,0,0,0,0,0,0,0,0,0,0,1,0,0,0,0,0,0,0,0,0,0,0,0,0,0,0,0,0,0,0,0,0,0,0,0,0,0,0,0,0,0,0,0,0,0,0,1,0,0,0,0,0,0,0,0,1,0,0,0,0,0,0,1,0,0,0,1,1,0
archi_ADV trésorier_ADJ,0,0,0,0,0,0,0,1,0,0,0,0,0,0,0,0,0,0,0,0,0,0,0,0,0,0,0,0,0,1,0,0,0,0,0,0,0,1,0,0,0,0,0,0,0,1,0,4,0,2,0,1,0,0,0,2,0,0,2,0,11,0,0,0,0,0,5,0,0,0,0,0,0,0,2,0,0,0,1,1,0,0,0,0,0,0,2,1,1,0,0,0,0,0,0,0,0,0,0,0,0,0,1,0,0,0,0,2,0,0,0,0,0,0,0,0,0,0,0,0,0,0,1,0,1,0,0,0,0,0,0,0,0,0,0,0,0,0,0,0,0,0,0,0,0,0,0,0,0,0,0,0,0,0,0,0,0,0,0,0,0,0,0,0,0,0,0,0,0,0,0,0,0,0,0,0,0,0,0,0,0,0,0,0,0,0,0,0,0,0,0,0,0,0,0,0,0,0,0,0,0,0,0,1,0,0,0,1,0,0
archi_ADV trésorier_VERB,0,0,0,0,0,0,0,0,0,0,0,1,0,0,3,0,0,0,1,0,0,0,0,0,0,0,0,1,0,2,1,0,0,0,0,0,0,2,0,1,0,0,1,1,0,1,1,0,0,0,0,0,0,0,3,0,0,4,3,0,0,2,2,0,1,0,2,3,0,0,0,0,0,0,2,0,0,0,0,0,1,0,0,2,0,0,1,0,0,2,0,1,0,0,1,0,0,1,0,0,0,0,0,0,0,0,2,2,0,1,0,0,0,0,0,0,0,0,0,0,0,0,0,0,0,0,0,0,0,0,0,0,0,0,0,0,0,0,0,0,0,0,0,0,0,0,0,0,0,0,0,1,0,0,0,0,0,0,0,0,0,0,0,0,0,0,0,0,0,0,0,0,0,0,0,0,0,0,0,0,0,0,0,0,0,0,0,1,0,0,0,0,0,0,0,0,1,0,0,0,0,0,0,0,0,0,0,0,0,0
archi_ADV vis,0,0,0,0,0,0,0,0,0,0,0,0,0,0,0,0,0,0,0,0,0,0,0,0,0,0,0,0,0,0,0,0,0,0,0,0,0,0,0,0,0,0,0,0,0,0,0,0,0,0,0,0,0,0,0,0,0,0,0,0,0,0,0,0,0,0,0,0,0,0,0,0,0,0,0,0,0,0,0,0,0,0,0,0,0,0,0,0,0,0,0,0,0,0,0,0,0,0,0,0,0,0,0,0,0,0,0,0,0,0,0,0,0,0,0,0,0,0,0,0,0,0,0,0,0,0,0,0,0,0,0,0,0,0,0,0,0,0,0,0,0,0,0,0,0,0,0,0,0,0,0,11,2,0,8,4,1,0,1,0,1,0,2,2,0,1,0,0,1,1,0,0,1,0,1,0,0,1,0,2,2,0,2,0,0,1,4,0,1,0,3,0,1,0,1,0,1,1,1,0,0,1,0,1,2,1,0,1,0,0
archi_ADV vis_DET,0,0,0,0,0,0,0,0,0,0,0,0,0,0,0,0,0,0,0,0,0,0,0,0,0,0,0,0,0,0,0,0,0,0,0,0,0,0,0,0,0,0,0,0,0,0,0,0,0,0,0,0,0,0,0,0,0,0,0,0,0,0,0,0,0,0,0,0,0,0,0,0,0,0,0,0,0,0,0,0,0,0,0,0,0,0,0,0,0,0,0,0,0,0,0,0,0,0,0,0,0,0,0,0,0,0,0,0,0,0,0,0,0,0,0,0,0,0,0,0,0,0,0,0,0,0,0,0,0,0,0,0,0,0,0,0,0,0,0,0,0,0,0,0,0,0,0,0,0,0,0,11,2,0,8,4,1,0,1,0,1,0,1,1,0,1,0,0,1,1,0,0,1,0,1,0,0,1,0,2,2,0,2,0,0,1,4,0,1,0,3,0,1,0,1,0,1,1,1,0,0,1,0,1,2,1,0,1,0,0
archi_DET _DET_,0,0,0,0,0,0,0,0,0,2,0,1,0,0,3,0,0,1,0,0,0,0,1,0,0,0,0,4,0,1,0,0,1,0,0,0,0,0,0,0,0,0,0,2,0,0,0,0,0,0,0,1,0,0,0,0,0,0,0,0,0,0,0,0,0,0,1,1,1,0,0,0,0,0,0,0,0,0,0,0,1,0,0,0,0,0,0,0,0,0,1,3,1,0,1,0,0,1,0,0,1,1,2,1,0,0,0,0,0,0,1,1,0,0,0,0,0,0,0,0,1,1,0,0,0,1,0,0,0,1,0,0,0,0,0,0,0,0,0,1,0,0,0,1,0,2,0,0,0,0,0,0,0,0,0,0,0,0,0,0,0,0,1,0,1,0,0,0,1,0,0,0,0,0,0,2,0,0,1,0,0,0,0,0,0,0,0,1,0,1,0,0,2,1,0,0,0,0,0,0,0,0,1,0,0,0,0,0,0,0
archi_DET _NOUN_,1,2,4,2,3,4,1,1,5,5,0,4,0,1,2,3,1,4,6,4,1,4,0,0,2,7,2,8,17,4,4,2,0,6,2,5,11,3,1,5,3,2,4,3,5,10,3,5,8,3,1,10,9,0,4,3,6,5,10,3,6,7,9,8,5,19,8,6,4,7,5,2,7,4,8,6,7,5,2,10,7,6,1,6,4,6,3,4,9,11,5,13,4,4,8,5,8,4,6,6,1,4,15,16,9,11,5,9,11,4,9,7,6,6,2,2,1,2,1,3,1,5,1,8,4,2,5,1,3,4,6,4,4,5,3,0,4,3,1,2,2,1,1,2,0,2,2,2,1,1,1,3,2,2,1,2,3,1,1,0,1,5,3,3,1,3,5,2,25,2,2,7,6,10,6,7,8,6,6,3,4,4,13,3,28,9,8,13,4,2,13,3,9,8,10,7,7,10,41,13,11,9,13,9,11,11,14,18,15,7
archi_DET chancelier,0,0,0,0,2,4,0,1,4,4,0,0,0,0,1,0,0,3,2,1,1,0,0,0,0,1,1,5,0,0,1,0,0,5,2,1,2,1,1,1,1,0,0,0,1,4,0,4,5,1,0,2,0,0,0,0,0,0,7,2,0,1,1,3,0,0,2,2,0,1,2,0,1,0,4,0,0,0,0,4,2,0,0,0,0,0,0,2,3,2,0,2,0,1,3,0,0,0,0,0,0,0,1,0,3,2,0,0,1,1,5,0,0,1,0,0,0,0,0,0,1,0,0,1,0,0,1,0,0,1,0,0,0,0,0,0,0,0,0,0,0,0,0,0,0,1,1,0,0,1,0,0,0,0,1,0,0,0,0,0,1,0,0,0,0,0,0,0,0,0,0,0,0,0,0,0,0,1,0,0,0,0,0,0,0,0,0,0,0,0,0,0,0,0,0,0,0,0,1,2,2,0,1,0,0,0,0,2,0,0
archi_DET chancelier_NOUN,0,0,0,0,2,4,0,1,4,4,0,0,0,0,1,0,0,3,2,1,1,0,0,0,0,1,1,5,0,0,1,0,0,5,2,1,2,1,1,1,1,0,0,0,1,4,0,4,5,1,0,2,0,0,0,0,0,0,7,2,0,1,1,3,0,0,2,2,0,1,2,0,1,0,4,0,0,0,0,4,2,0,0,0,0,0,0,2,3,2,0,2,0,1,3,0,0,0,0,0,0,0,1,0,3,2,0,0,1,1,5,0,0,1,0,0,0,0,0,0,1,0,0,1,0,0,1,0,0,1,0,0,0,0,0,0,0,0,0,0,0,0,0,0,0,1,1,0,0,1,0,0,0,0,1,0,0,0,0,0,1,0,0,0,0,0,0,0,0,0,0,0,0,0,0,0,0,1,0,0,0,0,0,0,0,0,0,0,0,0,0,0,0,0,0,0,0,0,1,2,2,0,1,0,0,0,0,2,0,0
archi_DET comble,0,0,0,0,0,0,0,0,0,0,0,0,0,0,0,0,0,0,0,0,0,0,0,0,0,0,0,0,0,0,0,0,0,0,0,0,0,0,0,0,0,0,0,0,0,0,0,0,0,0,0,0,0,0,0,0,0,0,0,0,0,0,0,0,0,0,0,0,0,0,0,0,0,0,0,0,0,0,0,0,0,0,0,0,0,0,0,0,0,0,0,0,0,0,0,0,0,0,0,0,0,0,0,1,0,0,0,0,0,0,0,0,1,0,0,0,0,0,0,0,0,0,0,0,1,0,1,0,0,0,0,0,0,0,0,0,0,0,0,0,0,0,0,0,0,0,1,0,0,0,0,0,0,0,0,0,0,0,0,0,0,0,0,0,0,0,0,0,21,1,1,0,2,2,0,0,1,3,3,0,0,0,1,0,19,1,1,0,0,0,0,0,0,0,2,2,1,4,8,1,3,2,5,6,1,4,2,9,7,5
archi_DET comble_NOUN,0,0,0,0,0,0,0,0,0,0,0,0,0,0,0,0,0,0,0,0,0,0,0,0,0,0,0,0,0,0,0,0,0,0,0,0,0,0,0,0,0,0,0,0,0,0,0,0,0,0,0,0,0,0,0,0,0,0,0,0,0,0,0,0,0,0,0,0,0,0,0,0,0,0,0,0,0,0,0,0,0,0,0,0,0,0,0,0,0,0,0,0,0,0,0,0,0,0,0,0,0,0,0,1,0,0,0,0,0,0,0,0,1,0,0,0,0,0,0,0,0,0,0,0,1,0,1,0,0,0,0,0,0,0,0,0,0,0,0,0,0,0,0,0,0,0,1,0,0,0,0,0,0,0,0,0,0,0,0,0,0,0,0,0,0,0,0,0,21,1,1,0,2,2,0,0,1,3,3,0,0,0,1,0,19,1,1,0,0,0,0,0,0,0,2,2,1,4,8,1,3,2,5,6,1,4,2,9,7,5
archi_DET diacre,0,0,0,0,0,0,1,0,0,0,0,0,0,0,0,0,0,0,0,1,0,0,0,0,0,0,0,0,0,0,0,1,0,0,0,0,0,0,0,0,0,0,0,1,1,0,3,0,0,0,0,1,3,0,2,1,0,0,0,0,1,1,0,0,1,0,0,0,0,1,0,0,0,0,0,0,2,0,0,0,1,2,0,0,1,0,0,0,0,1,0,1,0,0,0,0,0,0,0,0,0,1,0,1,1,2,0,0,0,0,0,2,0,0,0,0,0,0,0,0,0,0,0,0,0,0,0,0,0,0,0,0,2,0,0,0,1,0,0,0,0,0,0,0,0,0,0,0,0,0,0,0,0,0,0,0,0,0,0,0,0,0,0,0,0,0,0,0,0,0,0,0,0,0,0,0,0,0,0,0,0,0,0,0,0,0,0,0,0,0,0,0,0,0,0,0,0,0,0,0,1,0,0,0,0,0,0,0,0,0
archi_DET diacre_NOUN,0,0,0,0,0,0,1,0,0,0,0,0,0,0,0,0,0,0,0,1,0,0,0,0,0,0,0,0,0,0,0,1,0,0,0,0,0,0,0,0,0,0,0,1,1,0,3,0,0,0,0,1,3,0,2,1,0,0,0,0,1,1,0,0,1,0,0,0,0,1,0,0,0,0,0,0,2,0,0,0,1,2,0,0,1,0,0,0,0,1,0,1,0,0,0,0,0,0,0,0,0,1,0,1,1,2,0,0,0,0,0,2,0,0,0,0,0,0,0,0,0,0,0,0,0,0,0,0,0,0,0,0,2,0,0,0,1,0,0,0,0,0,0,0,0,0,0,0,0,0,0,0,0,0,0,0,0,0,0,0,0,0,0,0,0,0,0,0,0,0,0,0,0,0,0,0,0,0,0,0,0,0,0,0,0,0,0,0,0,0,0,0,0,0,0,0,0,0,0,0,1,0,0,0,0,0,0,0,0,0
archi_DET prêtre,0,0,0,1,0,0,0,0,0,0,0,0,0,0,0,0,0,0,1,2,0,1,0,0,0,0,1,0,1,0,0,0,0,0,0,1,2,1,0,0,0,0,2,0,2,0,0,0,0,0,0,1,0,0,1,1,3,2,3,0,1,0,1,0,0,13,2,0,2,1,2,1,2,1,0,3,1,1,0,2,2,1,0,2,2,1,1,0,2,5,1,1,0,0,1,0,3,2,3,3,0,0,11,1,2,2,2,0,6,1,3,2,4,3,2,1,0,1,1,1,0,0,1,2,2,0,0,0,0,1,2,1,0,1,0,0,0,2,0,1,0,0,1,0,0,0,0,0,0,0,0,0,0,0,0,0,0,0,0,0,0,0,0,0,0,0,0,0,0,0,1,2,0,0,0,0,0,1,1,2,1,0,2,0,0,0,1,0,0,0,0,0,0,2,0,0,0,0,0,0,0,0,0,0,0,0,2,0,1,0
archi_DET prêtre_NOUN,0,0,0,1,0,0,0,0,0,0,0,0,0,0,0,0,0,0,1,2,0,1,0,0,0,0,1,0,1,0,0,0,0,0,0,1,2,1,0,0,0,0,2,0,2,0,0,0,0,0,0,1,0,0,1,1,3,2,3,0,1,0,1,0,0,13,2,0,2,1,2,1,2,1,0,3,1,1,0,2,2,1,0,2,2,1,1,0,2,5,1,1,0,0,1,0,3,2,3,3,0,0,11,1,2,2,2,0,6,1,3,2,4,3,2,1,0,1,1,1,0,0,1,2,2,0,0,0,0,1,2,1,0,1,0,0,0,2,0,1,0,0,1,0,0,0,0,0,0,0,0,0,0,0,0,0,0,0,0,0,0,0,0,0,0,0,0,0,0,0,1,2,0,0,0,0,0,1,1,2,1,0,2,0,0,0,1,0,0,0,0,0,0,2,0,0,0,0,0,0,0,0,0,0,0,0,2,0,1,0
archi_DET tectonique,0,0,0,0,0,0,0,0,0,0,0,0,0,0,0,0,1,0,0,0,0,0,0,0,0,0,0,0,0,0,0,0,0,0,0,0,0,0,0,0,0,1,0,0,0,0,0,0,0,2,0,0,0,0,0,0,0,0,0,0,1,1,0,0,0,1,0,0,0,0,0,0,1,0,0,0,0,0,0,0,1,0,0,0,0,0,0,0,0,0,0,1,0,0,0,0,0,0,0,0,0,0,0,0,0,0,0,0,0,0,0,0,0,0,0,0,0,0,0,0,0,0,0,0,0,0,1,0,0,0,0,0,0,0,0,0,1,0,0,0,0,0,0,0,0,0,0,0,0,0,0,0,0,0,0,1,0,0,1,0,0,0,0,0,0,0,0,1,0,0,0,1,0,0,0,0,0,0,0,0,0,0,0,1,0,2,1,0,1,1,2,2,2,0,1,2,2,0,0,3,1,0,1,0,0,2,3,0,0,1
archi_DET tectonique_NOUN,0,0,0,0,0,0,0,0,0,0,0,0,0,0,0,0,1,0,0,0,0,0,0,0,0,0,0,0,0,0,0,0,0,0,0,0,0,0,0,0,0,1,0,0,0,0,0,0,0,2,0,0,0,0,0,0,0,0,0,0,1,1,0,0,0,1,0,0,0,0,0,0,1,0,0,0,0,0,0,0,1,0,0,0,0,0,0,0,0,0,0,1,0,0,0,0,0,0,0,0,0,0,0,0,0,0,0,0,0,0,0,0,0,0,0,0,0,0,0,0,0,0,0,0,0,0,1,0,0,0,0,0,0,0,0,0,1,0,0,0,0,0,0,0,0,0,0,0,0,0,0,0,0,0,0,1,0,0,1,0,0,0,0,0,0,0,0,1,0,0,0,1,0,0,0,0,0,0,0,0,0,0,0,1,0,2,1,0,1,1,2,2,2,0,1,2,2,0,0,3,1,0,1,0,0,2,3,0,0,1
archi_DET trésorier,0,1,0,1,1,0,0,0,0,0,0,1,0,0,1,0,0,0,1,0,0,2,0,0,0,2,0,0,0,1,2,0,0,0,0,0,0,1,0,1,0,0,2,0,1,3,0,0,0,0,0,3,0,0,0,1,0,1,0,0,0,0,4,2,0,0,0,3,0,1,0,0,0,0,0,1,0,0,0,0,0,0,0,0,0,0,0,0,0,1,1,2,0,0,0,1,0,0,0,0,0,0,0,0,0,1,1,4,1,1,0,0,0,0,0,0,0,0,0,0,0,0,0,2,0,0,0,0,0,0,0,0,0,0,0,0,1,0,0,0,0,0,0,0,0,0,0,0,1,0,0,0,0,1,0,0,0,0,0,0,0,0,0,0,1,0,0,0,0,0,0,0,0,0,0,0,0,0,0,0,0,0,0,0,0,0,0,0,0,0,0,0,0,0,0,0,0,0,0,2,0,0,0,0,0,0,0,0,1,0
archi_DET trésorier_NOUN,0,1,0,1,1,0,0,0,0,0,0,1,0,0,1,0,0,0,1,0,0,2,0,0,0,2,0,0,0,1,2,0,0,0,0,0,0,1,0,1,0,0,2,0,1,3,0,0,0,0,0,3,0,0,0,1,0,1,0,0,0,0,4,2,0,0,0,3,0,1,0,0,0,0,0,1,0,0,0,0,0,0,0,0,0,0,0,0,0,1,1,2,0,0,0,1,0,0,0,0,0,0,0,0,0,1,1,4,1,1,0,0,0,0,0,0,0,0,0,0,0,0,0,2,0,0,0,0,0,0,0,0,0,0,0,0,1,0,0,0,0,0,0,0,0,0,0,0,1,0,0,0,0,1,0,0,0,0,0,0,0,0,0,0,1,0,0,0,0,0,0,0,0,0,0,0,0,0,0,0,0,0,0,0,0,0,0,0,0,0,0,0,0,0,0,0,0,0,0,2,0,0,0,0,0,0,0,0,1,0
archi_NOUN 1,0,0,0,0,0,0,0,0,0,0,0,0,0,0,0,0,0,0,0,1,0,0,0,0,1,0,0,0,0,0,0,0,0,1,1,0,0,1,0,1,0,1,0,1,0,1,2,0,0,0,1,2,0,0,0,0,0,2,10,1,7,1,4,1,1,1,6,1,2,1,0,0,0,0,1,1,0,2,1,0,2,2,3,0,0,1,0,0,1,3,0,0,0,0,2,0,0,1,0,2,3,1,0,4,2,1,0,1,1,0,0,0,0,0,1,0,0,0,0,0,0,0,1,1,1,2,1,2,0,0,0,1,0,1,0,0,0,0,0,1,1,0,0,0,0,0,0,1,0,0,0,0,0,0,0,0,0,0,0,0,0,0,0,0,1,1,1,0,0,0,4,4,2,2,0,0,0,0,1,0,0,0,0,0,0,2,0,0,0,2,0,0,0,1,3,3,1,1,1,3,1,1,2,2,0,2,0,3,1,0
archi_NOUN 1_ADJ,0,0,0,0,0,0,0,0,0,0,0,0,0,0,0,0,0,0,0,0,0,0,0,0,1,0,0,0,0,0,0,0,0,1,1,0,0,1,0,1,0,1,0,1,0,1,2,0,0,0,1,2,0,0,0,0,0,2,10,1,7,1,4,1,1,1,6,1,2,1,0,0,0,0,1,1,0,2,0,0,2,2,3,0,0,1,0,0,1,3,0,0,0,0,2,0,0,1,0,2,3,1,0,4,2,1,0,1,1,0,0,0,0,0,1,0,0,0,0,0,0,0,1,1,1,2,1,2,0,0,0,1,0,1,0,0,0,0,0,1,1,0,0,0,0,0,0,1,0,0,0,0,0,0,0,0,0,0,0,0,0,0,0,0,1,1,1,0,0,0,3,4,2,2,0,0,0,0,1,0,0,0,0,0,0,2,0,0,0,2,0,0,0,1,3,3,1,1,1,3,1,1,2,2,0,2,0,3,1,0
archi_NOUN _ADJ_,0,0,1,1,2,1,2,0,1,3,0,5,1,0,0,0,0,0,1,3,0,4,12,3,2,2,0,2,2,8,2,3,0,3,6,2,0,3,2,5,3,2,4,3,3,6,5,1,2,7,3,17,5,5,6,3,2,5,18,2,9,5,7,8,4,4,9,5,7,2,4,0,2,0,8,5,1,2,2,1,6,7,5,4,3,2,3,3,5,6,2,3,7,2,6,2,5,2,7,6,5,4,6,7,4,6,4,6,7,5,2,1,2,2,5,2,1,3,2,0,3,2,3,5,8,8,3,4,3,3,3,7,1,7,5,3,3,2,0,3,2,4,3,1,1,3,1,3,1,0,2,1,3,1,2,2,6,2,1,2,2,10,5,6,8,5,6,6,10,3,10,19,13,9,6,9,11,5,11,12,6,13,10,7,44,22,16,13,14,11,19,9,11,10,14,12,6,11,8,20,14,21,23,25,10,13,23,16,16,20
archi_NOUN _ADP_,1,0,2,0,0,0,0,0,1,0,1,2,1,0,0,0,0,0,1,1,0,0,6,0,0,0,0,3,0,1,0,1,1,0,0,0,0,0,2,2,0,0,0,0,0,1,0,0,0,0,0,1,1,0,0,0,1,0,1,0,2,0,1,1,1,0,0,1,2,1,1,0,0,0,0,1,0,0,1,0,0,1,0,0,1,1,3,2,1,0,0,4,0,0,0,2,0,2,1,0,0,0,0,2,1,0,1,1,3,1,0,1,0,0,1,0,0,1,0,0,0,2,0,1,0,0,1,1,1,1,2,0,0,1,1,1,1,0,0,0,0,0,0,0,0,0,0,0,0,0,0,0,1,0,1,0,0,1,0,0,1,0,0,1,3,1,3,0,2,0,1,2,1,0,4,2,1,0,2,1,0,1,1,3,0,0,2,2,0,0,0,1,1,0,0,0,3,0,2,4,3,0,2,3,14,2,3,0,2,6
archi_NOUN _ADV_,0,0,0,1,0,1,0,0,0,0,0,1,0,0,0,0,0,1,1,0,0,0,0,0,0,0,0,1,0,3,0,1,0,1,0,1,0,0,2,0,0,1,0,1,0,1,0,1,0,1,0,0,0,2,1,0,0,2,0,1,0,2,2,2,1,1,1,0,0,1,1,0,0,0,0,0,0,0,1,0,1,2,2,1,0,0,0,0,0,1,1,1,0,0,0,0,1,0,0,0,0,1,0,2,7,1,0,0,0,0,0,0,0,0,0,0,0,1,0,0,0,0,2,0,0,1,0,0,0,0,0,0,1,1,2,0,0,0,0,1,0,0,0,0,0,0,0,1,0,0,0,0,1,0,0,0,0,0,1,1,0,0,0,1,1,1,1,0,1,2,1,2,1,0,1,1,1,1,0,1,1,2,3,0,0,8,2,1,1,0,0,2,1,1,1,1,1,1,3,0,1,1,1,0,3,2,3,1,1,1
archi_NOUN _CONJ_,0,1,0,0,0,1,0,0,0,0,0,4,0,0,0,0,0,0,0,0,0,0,6,0,1,0,1,0,1,0,0,0,0,0,0,0,0,2,0,0,0,0,0,0,0,0,0,0,0,1,1,0,0,0,0,1,2,0,0,0,1,0,0,8,0,0,1,2,0,2,0,0,0,1,0,3,0,0,0,0,0,0,1,0,0,0,0,0,1,0,0,2,0,0,0,2,0,0,0,1,0,1,1,0,2,1,0,0,0,0,0,1,1,0,1,1,1,0,0,0,0,1,0,0,0,1,0,0,0,0,1,0,0,0,0,0,2,0,0,0,0,0,0,0,0,0,0,0,0,0,0,0,0,1,0,10,2,0,0,0,4,4,0,0,0,0,0,0,1,1,0,1,0,3,0,0,3,1,2,0,0,0,1,1,1,0,1,0,0,1,1,3,0,1,0,9,0,0,2,2,0,2,4,5,0,1,3,0,1,0
archi_NOUN _DET_,0,1,0,2,4,2,1,1,1,1,1,9,3,0,0,3,0,3,3,5,2,10,16,4,0,2,4,5,2,4,3,2,6,3,4,3,4,7,5,10,1,7,3,1,4,1,1,7,1,18,7,4,3,18,0,3,10,3,13,3,4,2,8,3,13,1,1,3,8,1,7,0,3,6,0,4,1,5,4,7,8,1,1,2,0,4,2,2,3,5,9,3,3,0,0,5,0,5,1,3,3,6,7,0,2,4,3,0,5,1,2,3,1,5,1,3,0,1,4,1,0,1,1,1,4,1,1,2,6,2,3,1,1,2,1,4,0,0,3,2,0,0,1,2,0,0,3,0,0,0,0,2,1,0,4,0,0,2,0,1,1,1,0,0,1,0,0,2,0,2,2,1,1,2,1,0,0,0,4,3,1,0,2,1,1,1,2,1,2,1,2,1,0,2,2,2,5,2,2,3,3,1,3,5,2,1,1,1,3,1
archi_NOUN _NOUN_,13,23,52,69,44,43,60,62,85,51,70,31,38,30,36,51,63,56,71,85,52,148,128,145,143,128,139,82,115,177,181,136,72,76,154,114,170,105,223,85,123,144,95,86,114,135,76,88,50,49,88,82,62,106,125,100,102,58,109,71,88,99,92,96,53,132,76,98,110,69,54,30,65,69,68,84,74,56,54,73,39,47,73,93,67,80,46,74,83,92,98,119,92,60,95,92,58,72,98,78,68,93,88,73,87,93,65,86,125,74,53,59,65,55,55,27,41,35,28,38,30,54,66,62,45,58,63,68,64,64,55,29,49,44,48,48,34,42,41,27,18,27,16,19,15,23,51,27,44,39,56,43,41,45,58,51,44,43,51,45,61,69,81,78,43,69,114,144,152,112,137,106,119,173,119,111,118,131,138,119,92,133,196,144,188,136,135,190,119,153,196,194,223,153,233,156,293,240,259,231,244,228,246,286,284,288,368,339,311,205
archi_NOUN _PRON_,0,1,0,0,0,0,0,0,1,0,0,2,0,0,0,0,0,1,0,0,1,9,13,0,1,0,0,0,2,1,0,0,0,2,1,0,0,3,0,4,0,0,3,1,0,1,0,1,0,1,1,0,2,0,1,0,0,3,1,1,0,0,0,0,2,0,0,1,1,1,0,1,0,0,0,0,0,0,1,1,3,0,0,0,1,1,0,0,0,0,0,0,2,0,3,0,1,0,0,0,0,0,0,1,1,0,3,0,2,0,0,0,0,0,2,0,0,0,1,0,0,0,0,0,0,0,2,1,0,0,0,0,0,1,0,1,1,2,0,0,0,0,0,0,0,0,0,0,0,0,0,0,0,0,0,0,0,1,0,0,2,3,0,0,0,1,1,0,1,1,0,0,1,1,4,0,0,0,0,2,1,1,2,1,1,0,1,3,0,0,0,0,1,1,0,0,2,2,0,1,0,0,1,0,0,0,2,1,4,1
archi_NOUN _VERB_,0,0,0,0,0,0,1,0,1,0,0,0,0,0,0,2,1,0,0,6,3,2,5,2,5,1,0,2,2,0,3,1,3,2,2,1,1,2,4,2,4,2,4,2,1,0,7,1,0,4,1,1,8,1,0,0,0,2,3,4,2,1,1,1,1,2,6,2,0,6,2,0,1,0,2,1,3,6,0,0,1,0,4,0,1,3,1,0,8,0,0,1,0,1,2,1,0,1,6,1,0,2,0,1,4,2,3,3,2,2,2,6,2,3,3,0,0,1,0,3,6,1,1,2,0,5,1,1,0,2,2,0,0,1,2,1,1,1,1,1,3,0,0,0,0,0,0,0,2,1,0,1,2,0,1,3,0,0,1,1,5,3,1,1,1,1,1,2,7,2,4,4,1,2,2,5,1,4,3,1,6,2,4,11,5,6,5,7,1,1,2,5,4,3,7,4,3,1,9,4,10,6,5,8,4,8,8,8,6,2
archi_NOUN de,0,0,0,0,0,0,0,0,0,0,0,0,1,0,0,0,0,0,1,0,0,0,0,0,0,0,0,1,0,0,0,0,0,0,0,0,0,0,2,0,0,0,0,0,0,0,0,0,0,0,0,0,1,0,0,0,0,0,0,0,0,0,0,1,0,0,0,1,0,1,1,0,0,0,0,0,0,0,0,0,0,1,0,0,1,0,1,0,1,0,0,0,0,0,0,0,0,1,1,0,0,0,0,0,0,0,1,1,1,0,0,0,0,0,1,0,0,0,0,0,0,2,0,0,0,0,0,1,0,0,0,0,0,1,0,1,0,0,0,0,0,0,0,0,0,0,0,0,0,0,0,0,0,0,1,0,0,0,0,0,1,0,0,1,0,1,0,0,0,0,0,1,0,0,1,0,0,0,1,0,0,0,0,0,0,0,0,1,0,0,0,1,1,0,0,0,1,0,0,0,1,0,0,1,6,0,2,0,0,2
archi_NOUN de_ADP,0,0,0,0,0,0,0,0,0,0,0,0,1,0,0,0,0,0,1,0,0,0,0,0,0,0,0,1,0,0,0,0,0,0,0,0,0,0,2,0,0,0,0,0,0,0,0,0,0,0,0,0,1,0,0,0,0,0,0,0,0,0,0,1,0,0,0,1,0,1,1,0,0,0,0,0,0,0,0,0,0,1,0,0,1,0,1,0,1,0,0,0,0,0,0,0,0,1,1,0,0,0,0,0,0,0,1,1,1,0,0,0,0,0,1,0,0,0,0,0,0,2,0,0,0,0,0,1,0,0,0,0,0,1,0,1,0,0,0,0,0,0,0,0,0,0,0,0,0,0,0,0,0,0,1,0,0,0,0,0,1,0,0,1,0,1,0,0,0,0,0,1,0,0,1,0,0,0,1,0,0,0,0,0,0,0,0,1,0,0,0,1,1,0,0,0,1,0,0,0,1,0,0,1,6,0,2,0,0,2
archi_NOUN et,0,1,0,0,0,0,0,0,0,0,0,1,0,0,0,0,0,0,0,0,0,0,3,0,0,0,0,0,1,0,0,0,0,0,0,0,0,2,0,0,0,0,0,0,0,0,0,0,0,0,0,0,0,0,0,0,2,0,0,0,1,0,0,0,0,0,1,0,0,2,0,0,0,0,0,3,0,0,0,0,0,0,1,0,0,0,0,0,1,0,0,2,0,0,0,0,0,0,0,0,0,0,0,0,1,1,0,0,0,0,0,1,1,0,0,1,0,0,0,0,0,0,0,0,0,0,0,0,0,0,0,0,0,0,0,0,1,0,0,0,0,0,0,0,0,0,0,0,0,0,0,0,0,1,0,10,1,0,0,0,4,4,0,0,0,0,0,0,0,0,0,0,0,1,0,0,2,1,0,0,0,0,1,1,0,0,1,0,0,1,0,0,0,0,0,9,0,0,1,2,0,1,2,0,0,0,1,0,1,0
archi_NOUN et_CONJ,0,1,0,0,0,0,0,0,0,0,0,1,0,0,0,0,0,0,0,0,0,0,3,0,0,0,0,0,1,0,0,0,0,0,0,0,0,2,0,0,0,0,0,0,0,0,0,0,0,0,0,0,0,0,0,0,2,0,0,0,1,0,0,0,0,0,1,0,0,2,0,0,0,0,0,3,0,0,0,0,0,0,1,0,0,0,0,0,1,0,0,2,0,0,0,0,0,0,0,0,0,0,0,0,1,1,0,0,0,0,0,1,1,0,0,1,0,0,0,0,0,0,0,0,0,0,0,0,0,0,0,0,0,0,0,0,1,0,0,0,0,0,0,0,0,0,0,0,0,0,0,0,0,1,0,10,1,0,0,0,4,4,0,0,0,0,0,0,0,0,0,0,0,1,0,0,2,1,0,0,0,0,1,1,0,0,1,0,0,1,0,0,0,0,0,9,0,0,1,2,0,1,2,0,0,0,1,0,1,0
archi_NOUN lecture,0,0,0,0,0,0,0,0,0,0,0,2,0,0,0,0,0,0,0,0,0,0,0,0,0,0,0,1,0,0,0,0,0,0,0,0,0,1,1,1,0,2,0,0,0,0,0,0,0,0,0,2,0,0,0,4,0,0,1,0,0,1,1,1,0,3,0,1,1,0,0,0,2,0,0,0,0,1,0,0,0,0,0,1,0,0,0,0,0,1,1,0,0,0,0,1,0,0,0,0,1,0,1,0,0,0,1,3,0,0,0,1,1,1,1,1,1,0,1,2,3,0,0,0,0,0,0,0,0,0,0,0,0,0,1,0,1,0,0,0,0,0,0,0,0,0,0,0,0,0,0,0,0,0,0,0,0,0,0,0,0,1,1,0,0,0,0,0,1,2,0,0,1,0,0,0,0,2,1,0,0,0,0,0,0,0,0,0,1,0,0,0,1,0,0,0,0,0,0,1,0,0,0,0,0,0,0,0,0,1
archi_NOUN lecture_NOUN,0,0,0,0,0,0,0,0,0,0,0,2,0,0,0,0,0,0,0,0,0,0,0,0,0,0,0,1,0,0,0,0,0,0,0,0,0,1,1,1,0,2,0,0,0,0,0,0,0,0,0,2,0,0,0,4,0,0,1,0,0,1,1,1,0,3,0,1,1,0,0,0,2,0,0,0,0,1,0,0,0,0,0,1,0,0,0,0,0,1,1,0,0,0,0,1,0,0,0,0,1,0,1,0,0,0,1,3,0,0,0,1,1,1,1,1,1,0,1,2,3,0,0,0,0,0,0,0,0,0,0,0,0,0,1,0,1,0,0,0,0,0,0,0,0,0,0,0,0,0,0,0,0,0,0,0,0,0,0,0,0,1,1,0,0,0,0,0,1,2,0,0,1,0,0,0,0,2,1,0,0,0,0,0,0,0,0,0,1,0,0,0,1,0,0,0,0,0,0,1,0,0,0,0,0,0,0,0,0,1
archi_NOUN pel,0,1,0,0,0,0,0,0,0,0,0,1,0,0,0,0,0,0,0,1,0,0,2,0,0,0,0,0,0,0,0,1,0,2,3,0,2,0,0,0,0,0,0,0,2,0,0,0,0,0,0,0,0,0,0,0,0,0,0,0,0,0,0,0,0,0,0,0,0,0,0,0,0,1,0,1,0,1,0,0,4,0,0,0,0,0,0,0,0,0,0,0,0,0,0,0,0,0,0,0,0,0,0,0,0,0,2,1,1,0,0,0,0,0,0,0,0,0,0,0,0,0,0,0,0,0,0,0,0,0,0,0,0,0,0,0,0,0,0,0,0,0,0,0,0,0,0,1,0,0,0,0,0,0,0,0,1,0,0,0,0,0,0,0,0,0,1,0,0,0,0,0,0,2,1,0,3,0,0,1,6,2,1,0,0,0,0,1,0,1,0,0,0,0,2,0,5,0,1,0,0,0,0,0,0,0,1,1,1,0
archi_NOUN pel_NOUN,0,1,0,0,0,0,0,0,0,0,0,1,0,0,0,0,0,0,0,1,0,0,2,0,0,0,0,0,0,0,0,1,0,2,3,0,2,0,0,0,0,0,0,0,2,0,0,0,0,0,0,0,0,0,0,0,0,0,0,0,0,0,0,0,0,0,0,0,0,0,0,0,0,1,0,1,0,1,0,0,4,0,0,0,0,0,0,0,0,0,0,0,0,0,0,0,0,0,0,0,0,0,0,0,0,0,2,1,1,0,0,0,0,0,0,0,0,0,0,0,0,0,0,0,0,0,0,0,0,0,0,0,0,0,0,0,0,0,0,0,0,0,0,0,0,0,0,1,0,0,0,0,0,0,0,0,1,0,0,0,0,0,0,0,0,0,1,0,0,0,0,0,0,2,1,0,3,0,0,1,6,2,1,0,0,0,0,1,0,1,0,0,0,0,2,0,5,0,1,0,0,0,0,0,0,0,1,1,1,0
archi_NOUN prêtre,0,0,0,0,0,0,0,0,0,0,0,0,0,0,0,0,0,0,0,0,0,0,2,0,0,0,0,0,1,2,1,0,0,0,0,2,0,0,1,0,1,0,3,0,2,2,0,3,0,0,4,1,1,0,4,0,1,2,1,1,1,1,0,0,2,2,0,1,1,0,2,0,0,3,1,1,1,0,0,3,1,1,0,2,1,1,1,1,1,1,2,5,3,3,2,5,3,1,3,0,2,4,4,3,2,4,0,2,2,0,1,0,1,0,4,1,2,1,1,1,0,2,2,0,1,0,1,1,1,3,0,0,0,0,2,1,1,2,0,0,2,0,0,0,0,0,0,0,0,0,0,0,0,0,0,0,0,1,0,1,0,0,0,0,0,1,0,4,0,1,0,0,0,0,0,0,0,0,0,0,2,0,0,1,1,4,0,0,0,0,0,0,0,0,0,0,0,2,2,0,1,0,2,0,0,1,2,0,0,0
archi_NOUN prêtre_ADJ,0,0,0,0,0,0,0,0,0,0,0,0,0,0,0,0,0,0,0,0,0,0,0,0,0,0,0,0,0,2,0,0,0,0,0,1,0,0,0,0,0,0,3,0,1,2,0,1,0,0,0,0,1,0,3,0,0,1,1,0,1,1,0,0,2,0,0,1,0,0,1,0,0,0,1,1,0,0,0,0,1,0,0,1,0,0,0,1,1,0,0,1,3,0,1,1,1,1,3,0,0,0,1,1,0,0,0,1,1,0,1,0,0,0,1,1,0,0,1,0,0,0,0,0,0,0,0,0,0,1,0,0,0,0,1,0,0,0,0,0,1,0,0,0,0,0,0,0,0,0,0,0,0,0,0,0,0,1,0,0,0,0,0,0,0,0,0,0,0,0,0,0,0,0,0,0,0,0,0,0,0,0,0,0,1,2,0,0,0,0,0,0,0,0,0,0,0,1,1,0,1,0,2,0,0,1,2,0,0,0
archi_NOUN prêtre_NOUN,0,0,0,0,0,0,0,0,0,0,0,0,0,0,0,0,0,0,0,0,0,0,2,0,0,0,0,0,1,0,1,0,0,0,0,1,0,0,1,0,1,0,0,0,1,0,0,2,0,0,4,1,0,0,1,0,1,1,0,1,0,0,0,0,0,1,0,0,1,0,1,0,0,3,0,0,1,0,0,3,0,1,0,1,1,1,1,0,0,1,2,4,0,3,1,4,2,0,0,0,2,4,3,2,2,4,0,1,1,0,0,0,1,0,3,0,2,1,0,1,0,2,2,0,1,0,1,1,1,2,0,0,0,0,1,1,1,2,0,0,1,0,0,0,0,0,0,0,0,0,0,0,0,0,0,0,0,0,0,1,0,0,0,0,0,1,0,4,0,1,0,0,0,0,0,0,0,0,0,0,2,0,0,1,0,2,0,0,0,0,0,0,0,0,0,0,0,1,1,0,0,0,0,0,0,0,0,0,0,0
archi_NOUN tecte,0,0,1,0,2,0,2,0,1,0,0,0,0,0,0,0,0,0,0,0,1,0,0,0,0,0,0,1,4,2,0,0,1,0,0,0,0,2,3,0,3,3,1,1,0,0,0,1,0,0,3,1,0,1,0,1,2,0,0,1,1,0,0,3,0,0,3,0,0,0,1,0,3,0,0,0,0,0,0,0,2,0,1,0,0,2,0,0,5,0,0,0,0,0,0,0,1,2,1,2,1,2,1,4,2,1,0,1,1,1,0,1,1,0,0,0,0,0,1,0,0,0,0,1,0,3,2,2,0,0,0,0,3,1,0,1,0,0,0,1,0,0,0,0,0,0,0,0,1,0,0,3,1,2,0,2,0,0,2,0,2,0,0,0,1,2,1,1,2,2,5,2,0,0,0,2,2,1,1,0,1,1,3,3,0,1,2,1,0,2,0,4,3,2,0,2,0,1,2,1,1,0,0,0,2,1,0,0,0,0
archi_NOUN tecte_NOUN,0,0,1,0,0,0,0,0,0,0,0,0,0,0,0,0,0,0,0,0,1,0,0,0,0,0,0,0,2,2,0,0,1,0,0,0,0,2,3,0,3,3,1,1,0,0,0,1,0,0,2,1,0,1,0,1,2,0,0,1,0,0,0,1,0,0,3,0,0,0,1,0,3,0,0,0,0,0,0,0,2,0,1,0,0,2,0,0,3,0,0,0,0,0,0,0,1,2,0,1,1,2,1,4,1,1,0,0,0,1,0,1,1,0,0,0,0,0,0,0,0,0,0,0,0,3,2,2,0,0,0,0,3,0,0,0,0,0,0,0,0,0,0,0,0,0,0,0,0,0,0,3,1,2,0,2,0,0,2,0,2,0,0,0,0,1,1,1,0,2,3,0,0,0,0,1,2,0,0,0,1,1,3,1,0,1,1,1,0,1,0,2,1,1,0,1,0,0,2,0,0,0,0,0,2,1,0,0,0,0
archi_NOUN tectes,0,0,0,0,0,0,1,1,0,0,0,1,0,0,0,0,0,0,0,4,0,1,1,0,1,4,0,1,0,1,3,1,0,0,0,2,1,2,0,0,1,1,1,0,0,1,2,2,0,1,0,1,3,4,0,1,1,2,4,0,1,2,2,2,3,1,1,0,5,3,1,0,2,0,2,0,1,5,1,0,0,3,0,2,0,0,0,0,1,0,0,1,3,0,1,1,1,1,1,1,2,3,5,2,3,2,1,0,0,1,0,1,0,2,1,1,0,0,0,0,4,2,2,1,2,0,3,0,2,2,0,3,2,2,2,0,0,2,0,0,0,1,1,1,0,1,2,1,0,1,2,2,1,0,0,0,3,2,1,2,2,3,1,3,1,2,2,10,2,3,1,9,7,3,0,5,6,7,2,3,4,7,7,1,1,0,2,5,0,5,2,8,4,2,4,3,3,1,4,6,5,2,0,4,0,2,2,2,0,3
archi_NOUN tectes_ADJ,0,0,0,0,0,0,0,0,0,0,0,0,0,0,0,0,0,0,0,1,0,0,0,0,0,0,0,0,0,0,1,0,0,0,0,1,0,1,0,0,0,0,0,0,0,0,0,0,0,0,0,0,1,0,0,0,0,1,1,0,0,0,1,0,0,0,0,0,0,0,0,0,0,0,0,0,1,0,0,0,0,0,0,0,0,0,0,0,1,0,0,0,1,0,0,0,0,0,0,0,0,1,1,0,0,1,0,0,0,0,0,0,0,1,0,0,0,0,0,0,0,0,0,0,1,0,0,0,1,1,0,0,0,1,0,0,0,0,0,0,0,0,0,0,0,0,0,1,0,0,0,0,0,0,0,0,0,0,0,0,0,1,1,0,0,0,1,3,2,0,0,4,4,0,0,2,4,1,0,0,0,1,1,0,0,0,0,0,0,0,0,0,0,1,0,0,0,0,0,0,0,1,0,0,0,1,0,0,0,1
archi_NOUN tectes_NOUN,0,0,0,0,0,0,1,1,0,0,0,0,0,0,0,0,0,0,0,3,0,1,1,0,1,4,0,1,0,1,2,1,0,0,0,1,1,1,0,0,1,1,1,0,0,1,2,2,0,1,0,1,2,4,0,1,1,1,3,0,1,2,1,2,3,1,1,0,5,3,1,0,2,0,2,0,0,2,1,0,0,3,0,2,0,0,0,0,0,0,0,1,2,0,1,1,1,1,1,1,2,2,4,2,3,1,1,0,0,1,0,1,0,1,1,1,0,0,0,0,4,2,2,1,1,0,3,0,1,1,0,3,2,1,2,0,0,2,0,0,0,1,1,1,0,1,2,0,0,1,2,2,1,0,0,0,3,2,1,2,2,2,0,3,1,2,1,7,0,3,1,5,3,3,0,3,2,6,2,3,3,5,6,1,1,0,2,3,0,5,2,8,4,1,4,3,3,1,4,6,5,1,0,4,0,1,2,2,0,2
archi_NOUN tectonique,0,0,0,0,0,0,0,0,0,0,0,2,0,0,0,0,0,0,0,0,0,0,0,0,0,0,0,0,0,1,0,3,0,2,1,0,0,0,0,1,1,0,1,0,1,1,1,0,2,0,0,1,0,0,0,1,0,1,0,0,1,1,0,1,1,2,0,1,1,0,0,0,0,0,0,0,0,0,1,0,0,1,0,1,0,1,0,0,0,0,1,0,0,1,0,0,1,0,0,0,1,0,1,0,1,0,0,0,0,0,0,0,0,0,0,0,1,0,0,0,0,2,2,1,0,0,1,0,0,0,1,0,0,1,2,0,1,0,0,1,0,1,0,0,0,2,0,0,0,0,0,0,0,0,0,0,5,0,1,0,0,1,1,2,3,0,1,0,3,1,3,1,1,1,0,3,2,0,7,2,1,6,4,0,4,6,9,1,2,3,10,3,5,4,4,2,4,3,1,5,5,2,12,3,1,2,4,3,2,4
archi_NOUN tectonique_ADJ,0,0,0,0,0,0,0,0,0,0,0,2,0,0,0,0,0,0,0,0,0,0,0,0,0,0,0,0,0,1,0,3,0,2,1,0,0,0,0,1,1,0,1,0,1,1,1,0,2,0,0,1,0,0,0,0,0,0,0,0,1,1,0,1,1,2,0,0,1,0,0,0,0,0,0,0,0,0,1,0,0,1,0,1,0,1,0,0,0,0,1,0,0,1,0,0,1,0,0,0,1,0,1,0,1,0,0,0,0,0,0,0,0,0,0,0,1,0,0,0,0,2,1,1,0,0,1,0,0,0,1,0,0,1,2,0,1,0,0,1,0,1,0,0,0,2,0,0,0,0,0,0,0,0,0,0,5,0,1,0,0,1,1,2,3,0,1,0,3,1,3,1,1,1,0,3,2,0,5,2,1,6,4,0,4,6,9,1,2,3,10,3,5,3,4,1,4,3,1,5,5,2,11,3,1,2,4,3,2,4
archi_NOUN tecture,1,0,1,0,0,1,1,0,3,3,0,1,2,1,0,0,0,1,3,1,2,2,0,1,0,2,1,1,1,4,1,2,0,0,0,4,1,4,1,2,5,5,1,2,4,5,1,1,1,2,1,1,0,4,1,1,2,2,2,4,1,5,3,3,3,2,2,4,2,0,1,0,1,4,4,0,2,1,1,1,4,1,0,1,0,0,1,0,3,1,0,0,1,1,1,0,3,1,2,1,0,2,0,0,0,0,3,3,0,1,1,3,0,2,0,0,0,1,0,0,0,0,2,0,3,1,1,3,2,4,1,1,1,1,0,0,0,1,2,0,0,0,0,1,0,0,1,1,1,0,1,0,1,1,0,5,0,0,3,1,5,1,0,2,0,2,1,2,7,2,2,3,2,5,4,2,0,7,2,2,7,2,8,6,3,6,10,7,4,3,4,7,7,5,3,6,5,1,4,4,6,4,8,3,8,4,5,3,2,0
archi_NOUN tecture_ADV,0,0,0,0,0,0,0,0,0,0,0,1,0,0,0,0,0,1,1,0,0,0,0,0,0,0,0,1,0,3,0,0,0,0,0,1,0,0,1,0,0,1,0,1,0,0,0,0,0,1,0,0,0,0,1,0,0,1,0,1,0,1,0,2,0,1,1,0,0,0,1,0,0,0,0,0,0,0,1,0,0,0,0,0,0,0,0,0,0,0,0,0,0,0,0,0,0,0,0,0,0,1,0,0,0,0,0,0,0,0,0,0,0,0,0,0,0,1,0,0,0,0,0,0,0,0,0,0,0,0,0,0,0,1,0,0,0,0,0,0,0,0,0,0,0,0,0,0,0,0,0,0,1,0,0,0,0,0,1,1,0,0,0,0,0,0,0,0,0,0,0,1,0,0,1,1,0,1,0,0,1,1,3,0,0,2,2,0,1,0,0,0,0,0,0,1,0,0,1,0,0,0,1,0,1,0,1,1,0,0
archi_NOUN tecture_NOUN,1,0,1,0,0,1,1,0,3,3,0,0,2,1,0,0,0,0,2,1,2,2,0,1,0,1,1,0,1,1,1,1,0,0,0,3,1,3,0,2,5,4,1,1,4,5,1,1,1,1,0,1,0,4,0,1,2,1,2,2,1,4,3,1,2,1,1,4,2,0,0,0,1,4,3,0,2,0,0,1,4,1,0,1,0,0,1,0,2,1,0,0,1,1,1,0,3,1,2,1,0,1,0,0,0,0,3,3,0,1,1,1,0,2,0,0,0,0,0,0,0,0,2,0,3,1,1,3,2,4,1,1,1,0,0,0,0,1,2,0,0,0,0,1,0,0,1,1,1,0,1,0,0,1,0,5,0,0,2,0,3,1,0,2,0,2,1,2,7,1,2,2,2,5,3,1,0,6,2,2,5,1,5,5,3,4,5,4,3,3,4,7,6,5,3,5,5,1,3,4,6,4,7,3,6,4,3,2,1,0
archi_NOUN ves,0,0,4,0,0,1,0,0,0,1,0,0,0,1,0,0,0,0,0,0,0,1,0,0,1,0,1,0,0,0,1,0,0,0,1,0,1,0,3,2,0,0,0,0,1,1,2,2,0,3,1,6,0,1,0,3,2,2,0,0,0,0,3,0,0,1,2,0,0,1,0,2,1,2,0,3,0,0,0,2,0,1,1,2,1,2,1,0,0,1,4,0,0,2,2,0,2,0,3,4,1,4,2,0,3,0,1,1,2,2,1,0,2,2,0,0,0,0,0,0,4,0,0,1,2,1,0,0,1,0,1,0,0,0,3,0,0,3,0,1,0,2,0,0,2,0,0,0,0,0,1,1,0,0,1,1,0,1,1,1,0,1,1,0,3,0,2,4,3,2,1,1,0,2,1,1,2,0,1,2,3,3,3,3,3,9,2,1,1,1,3,0,1,0,1,1,0,3,0,1,0,0,1,3,3,0,0,3,3,1
archi_NOUN ves_NOUN,0,0,4,0,0,1,0,0,0,1,0,0,0,1,0,0,0,0,0,0,0,1,0,0,1,0,1,0,0,0,1,0,0,0,1,0,1,0,3,2,0,0,0,0,1,1,2,2,0,1,1,1,0,1,0,2,2,2,0,0,0,0,1,0,0,1,1,0,0,1,0,2,1,2,0,3,0,0,0,2,0,1,1,2,1,2,1,0,0,0,4,0,0,2,1,0,1,0,3,4,1,4,1,0,3,0,1,1,1,2,1,0,2,2,0,0,0,0,0,0,4,0,0,1,2,1,0,0,1,0,1,0,0,0,2,0,0,2,0,1,0,2,0,0,1,0,0,0,0,0,1,1,0,0,0,1,0,1,1,1,0,1,1,0,3,0,2,4,3,2,1,1,0,0,0,1,2,0,1,2,3,2,3,2,2,7,1,1,1,0,2,0,1,0,1,1,0,3,0,0,0,0,1,2,2,0,0,3,3,1
archi_PRON _PRON_,0,0,0,0,0,0,0,0,0,1,0,0,0,0,0,0,0,0,1,2,0,0,0,0,1,0,1,0,1,0,0,1,0,0,0,0,2,0,0,0,0,2,0,0,1,0,1,0,1,0,1,13,0,1,0,0,0,2,0,0,0,1,3,0,3,0,2,2,1,0,0,0,0,4,2,0,0,1,0,0,1,0,0,0,0,3,1,0,0,0,0,0,0,1,3,0,1,0,0,0,0,0,0,1,0,0,0,0,0,0,1,0,0,0,0,0,0,0,0,0,0,0,0,0,0,0,0,1,0,0,0,0,1,0,0,0,0,0,0,1,0,0,0,0,0,0,0,1,0,1,0,1,0,0,0,0,0,0,1,0,0,0,1,0,0,1,0,0,1,0,1,1,0,2,1,0,1,1,0,0,1,0,0,2,4,0,1,1,1,0,0,1,3,0,0,0,0,0,3,4,1,3,0,0,1,0,0,1,4,0
archi_PRON _VERB_,0,0,0,0,0,0,0,0,0,0,0,0,0,0,0,0,0,1,0,3,0,0,0,3,3,1,0,1,3,2,0,2,0,0,1,0,2,4,0,0,0,1,2,0,0,0,0,0,0,0,0,0,3,0,0,0,1,1,1,0,0,1,0,0,0,0,0,0,0,0,0,0,0,0,0,0,0,1,1,0,1,0,0,0,0,0,0,0,0,0,0,1,0,0,0,0,0,1,0,0,0,0,0,0,0,0,0,0,0,0,0,0,0,2,0,0,0,0,0,1,0,0,1,3,0,0,0,0,0,0,0,0,0,0,0,0,0,0,0,0,0,0,1,0,0,0,0,1,0,0,0,0,0,0,0,0,0,1,0,0,3,0,0,1,0,0,0,0,1,0,0,1,0,1,2,1,0,0,0,0,1,0,2,0,0,0,0,0,0,0,0,3,0,1,0,0,1,1,2,1,1,0,0,0,0,2,1,0,0,0
archi_PRON tecture,0,0,0,0,0,0,0,0,0,1,0,0,0,0,0,0,0,0,0,0,0,0,0,0,0,2,0,0,0,0,0,0,0,0,0,0,0,0,0,0,0,1,0,0,0,0,2,0,0,1,0,2,0,2,0,0,1,1,0,0,0,0,0,0,3,0,0,0,0,0,0,0,1,0,0,0,0,1,0,0,0,0,0,0,0,2,1,0,0,0,0,0,0,1,0,0,0,0,0,0,0,0,0,1,0,0,0,0,0,0,0,0,0,0,0,0,0,0,0,0,0,0,0,0,0,0,0,0,0,1,0,0,0,0,0,0,0,0,0,0,0,0,0,0,0,0,0,0,0,0,0,0,0,0,0,0,0,0,0,0,0,0,1,0,0,0,0,0,1,0,0,0,1,2,3,1,1,1,0,1,0,0,0,0,1,0,0,0,1,0,0,0,1,0,0,0,0,0,0,1,0,0,2,3,0,0,0,2,1,0
archi_PRT _PRT_,11,10,4,35,88,213,121,45,117,73,23,190,32,26,69,118,52,31,128,179,51,116,136,133,166,113,128,85,615,251,569,95,57,154,184,183,126,107,386,113,175,107,112,102,77,174,45,85,58,91,88,66,69,74,52,74,56,92,90,80,72,117,93,96,59,73,67,53,246,84,90,37,53,46,40,56,47,36,69,52,85,37,48,69,42,96,53,64,89,84,73,76,88,62,54,73,80,65,107,76,90,90,95,98,95,136,73,78,148,80,63,75,101,99,112,58,41,29,36,61,49,60,75,86,57,90,72,72,71,62,90,48,52,47,60,58,46,40,53,32,21,17,24,48,19,23,60,41,62,45,68,39,50,40,77,56,88,80,73,62,63,83,108,112,103,103,128,175,154,167,175,139,137,177,147,148,208,161,152,157,145,138,167,131,131,154,214,151,130,177,184,159,191,192,215,237,281,246,228,285,303,282,317,265,331,317,355,304,314,209
archi_VERB _ADP_,0,0,0,0,0,0,0,0,0,0,4,0,0,0,0,1,0,1,0,0,0,0,0,0,1,0,1,0,1,0,11,0,0,0,0,1,1,0,1,1,8,0,0,0,1,1,2,0,0,0,0,2,0,2,1,0,0,0,0,0,0,0,0,0,0,3,1,0,0,0,0,0,0,0,0,0,0,0,0,0,0,0,0,0,1,0,1,0,0,4,0,4,7,0,2,0,0,0,0,0,0,1,0,0,3,4,0,1,0,0,1,0,1,0,1,0,0,0,0,0,0,1,1,0,0,0,0,0,0,0,0,0,1,0,0,0,0,1,1,0,0,0,0,0,0,0,1,2,0,0,1,0,0,0,2,2,0,0,1,1,0,1,3,0,0,0,2,3,3,1,0,0,0,0,1,0,0,0,3,0,0,0,1,1,1,7,1,0,2,2,0,0,1,0,0,1,1,1,2,3,3,1,0,8,0,1,5,1,1,2
archi_VERB _DET_,0,0,0,0,0,0,0,0,0,0,0,0,0,0,0,0,0,0,0,0,0,0,0,0,0,0,0,0,2,0,0,0,0,0,0,0,0,0,1,0,1,0,0,0,0,0,1,0,0,0,0,0,0,0,0,0,0,0,0,0,0,3,1,0,0,1,0,0,1,0,0,0,0,0,0,0,0,1,0,0,0,0,0,0,0,0,0,0,0,4,0,1,8,0,5,0,0,0,1,1,1,1,0,3,0,2,1,0,5,1,0,0,0,0,2,0,0,0,0,0,0,0,0,0,0,0,1,0,0,0,0,0,0,0,0,0,0,0,0,0,0,0,0,0,0,0,0,0,0,0,2,0,1,0,0,0,1,0,0,0,0,0,0,0,0,0,1,0,2,0,0,1,0,0,0,0,1,0,0,1,0,0,0,1,1,0,0,0,0,0,1,0,0,3,0,0,0,0,1,0,0,0,0,1,2,1,0,0,2,0
archi_VERB _VERB_,0,0,0,0,0,0,0,0,0,0,0,0,0,0,0,0,0,0,1,0,0,0,0,0,1,0,0,0,0,0,0,0,0,0,0,0,0,0,2,1,0,2,0,0,0,1,0,0,2,0,0,0,0,0,0,3,0,0,1,0,0,2,3,0,3,1,0,1,7,0,0,0,0,0,0,14,0,0,0,1,1,1,0,1,1,0,0,6,2,2,0,2,2,1,0,8,3,12,2,5,3,9,2,4,4,10,4,6,3,4,2,6,2,3,5,1,1,3,3,9,0,1,4,6,1,4,6,13,8,4,9,5,1,8,2,9,1,6,3,3,3,5,2,3,2,1,6,1,4,11,1,4,6,12,5,2,2,1,3,3,3,10,3,9,7,17,10,13,11,3,8,8,9,7,11,18,13,11,12,19,5,11,6,13,12,10,6,7,9,4,11,20,12,5,16,8,15,8,6,20,19,23,15,19,15,18,8,14,11,4
archi_X _X_,1,0,1,0,0,2,0,3,4,3,0,0,2,0,0,0,5,4,1,6,1,3,13,6,14,1,1,5,1,2,1,2,24,8,3,11,3,21,8,5,5,19,7,5,1,9,8,13,0,3,14,4,10,3,0,33,2,5,4,8,6,2,11,4,10,10,2,11,7,10,1,1,2,5,15,2,4,2,6,7,12,5,2,4,4,4,4,2,11,5,13,2,10,11,10,6,7,4,12,7,3,19,20,12,16,6,6,9,5,4,11,8,7,5,4,2,0,5,2,2,6,3,5,7,22,2,6,6,6,5,7,5,7,3,6,10,3,4,9,4,48,2,4,2,1,8,4,2,0,1,7,8,3,4,12,12,7,6,2,1,10,9,4,2,3,6,7,11,11,20,7,23,43,31,10,21,14,18,21,22,27,23,20,21,11,25,25,14,21,16,10,8,34,17,22,40,14,20,34,37,52,33,15,40,36,36,28,26,25,16
archi_X di,0,0,0,0,0,0,0,0,0,0,0,0,0,0,0,0,0,0,0,0,0,0,5,0,1,0,0,0,0,0,0,0,0,0,0,1,0,2,2,0,0,0,0,0,0,0,0,0,0,0,1,0,0,0,0,4,1,1,0,0,3,0,3,0,0,0,0,0,0,0,0,0,0,0,2,0,0,0,0,0,3,0,0,0,0,0,0,0,0,0,2,0,0,0,0,0,0,0,0,0,0,0,0,4,0,0,0,0,0,0,2,0,0,0,0,0,0,0,0,0,0,0,0,1,15,0,0,0,0,0,0,1,0,0,0,0,0,0,3,1,5,0,2,0,0,2,0,0,0,0,1,0,0,0,0,0,0,0,0,0,0,0,0,0,0,0,0,0,0,1,0,0,1,3,0,0,2,3,3,1,1,2,3,2,0,3,1,1,4,1,1,0,0,5,4,11,2,2,6,1,8,5,2,6,1,2,2,4,3,1
archi_X di_X,0,0,0,0,0,0,0,0,0,0,0,0,0,0,0,0,0,0,0,0,0,0,5,0,1,0,0,0,0,0,0,0,0,0,0,1,0,2,2,0,0,0,0,0,0,0,0,0,0,0,1,0,0,0,0,4,1,1,0,0,3,0,3,0,0,0,0,0,0,0,0,0,0,0,2,0,0,0,0,0,3,0,0,0,0,0,0,0,0,0,2,0,0,0,0,0,0,0,0,0,0,0,0,4,0,0,0,0,0,0,2,0,0,0,0,0,0,0,0,0,0,0,0,1,15,0,0,0,0,0,0,1,0,0,0,0,0,0,3,1,5,0,2,0,0,2,0,0,0,0,1,0,0,0,0,0,0,0,0,0,0,0,0,0,0,0,0,0,0,1,0,0,1,3,0,0,2,3,3,1,1,2,3,2,0,3,1,1,4,1,1,0,0,5,4,11,2,2,6,1,8,5,2,6,1,2,2,4,3,1
archi_X e,1,0,0,0,0,0,0,0,1,0,0,0,0,0,0,0,0,0,0,0,0,0,5,0,4,0,0,1,0,0,0,0,14,5,0,6,0,2,0,0,0,0,0,0,0,1,0,0,0,0,0,0,4,0,0,1,0,0,0,0,1,0,0,0,0,0,0,0,0,0,0,0,0,0,0,0,0,0,0,0,0,0,0,0,0,0,0,0,0,0,0,0,0,2,0,0,0,0,0,0,0,2,1,0,2,0,0,0,0,0,0,0,1,0,0,0,0,0,0,0,0,0,0,3,1,0,0,2,0,0,0,0,0,0,0,0,0,1,1,1,2,0,0,0,0,0,0,0,0,0,4,0,1,0,1,0,3,0,0,0,3,0,0,1,0,0,0,0,0,3,0,10,5,5,3,3,0,3,4,4,3,1,3,0,0,1,4,2,3,1,0,1,4,1,1,10,4,0,11,2,4,3,0,12,2,5,1,1,1,0
archi_X e_X,1,0,0,0,0,0,0,0,1,0,0,0,0,0,0,0,0,0,0,0,0,0,5,0,4,0,0,1,0,0,0,0,14,5,0,6,0,2,0,0,0,0,0,0,0,1,0,0,0,0,0,0,4,0,0,1,0,0,0,0,1,0,0,0,0,0,0,0,0,0,0,0,0,0,0,0,0,0,0,0,0,0,0,0,0,0,0,0,0,0,0,0,0,2,0,0,0,0,0,0,0,2,1,0,2,0,0,0,0,0,0,0,1,0,0,0,0,0,0,0,0,0,0,3,1,0,0,2,0,0,0,0,0,0,0,0,0,1,1,1,2,0,0,0,0,0,0,0,0,0,4,0,1,0,1,0,3,0,0,0,3,0,0,1,0,0,0,0,0,3,0,10,5,5,3,3,0,3,4,4,3,1,3,0,0,1,4,2,3,1,0,1,4,1,1,10,4,0,11,2,4,3,0,12,2,5,1,1,1,0
archi_X in,0,0,0,0,0,0,0,2,0,0,0,0,0,0,0,0,0,0,0,0,0,0,0,0,0,0,0,0,0,0,0,0,0,0,0,0,0,0,0,0,0,0,0,0,0,0,0,0,0,0,0,0,0,0,0,1,1,0,0,0,0,0,0,1,0,0,0,0,0,0,0,0,0,0,0,0,0,0,0,0,0,0,0,0,0,0,0,0,0,0,0,0,0,0,0,0,0,0,0,1,0,0,0,0,3,0,1,0,0,0,0,0,0,1,1,0,0,0,0,0,0,0,0,0,0,0,0,0,0,0,0,0,0,0,0,0,0,0,0,0,5,0,0,0,0,0,1,0,0,0,0,0,0,0,0,0,0,0,0,0,0,0,0,0,0,0,0,0,0,0,0,1,3,3,0,2,0,0,0,0,0,0,0,0,0,2,0,0,0,0,0,1,1,0,2,1,0,0,0,6,0,0,4,3,2,0,0,7,1,0
archi_X in_X,0,0,0,0,0,0,0,2,0,0,0,0,0,0,0,0,0,0,0,0,0,0,0,0,0,0,0,0,0,0,0,0,0,0,0,0,0,0,0,0,0,0,0,0,0,0,0,0,0,0,0,0,0,0,0,1,1,0,0,0,0,0,0,1,0,0,0,0,0,0,0,0,0,0,0,0,0,0,0,0,0,0,0,0,0,0,0,0,0,0,0,0,0,0,0,0,0,0,0,1,0,0,0,0,3,0,1,0,0,0,0,0,0,1,1,0,0,0,0,0,0,0,0,0,0,0,0,0,0,0,0,0,0,0,0,0,0,0,0,0,5,0,0,0,0,0,1,0,0,0,0,0,0,0,0,0,0,0,0,0,0,0,0,0,0,0,0,0,0,0,0,1,3,3,0,2,0,0,0,0,0,0,0,0,0,2,0,0,0,0,0,1,1,0,2,1,0,0,0,6,0,0,4,3,2,0,0,7,1,0
archi_X tecture,0,0,0,0,0,1,0,0,0,0,0,0,0,0,0,0,0,0,0,0,0,1,0,0,0,0,0,0,0,0,0,0,0,0,0,0,0,0,0,0,0,1,0,0,0,0,0,0,0,0,0,0,0,0,0,0,0,0,0,0,0,0,0,0,0,0,0,0,3,0,0,0,0,0,0,1,0,0,0,0,0,1,0,0,0,0,0,0,0,0,0,0,0,0,0,0,1,0,0,0,0,0,0,0,0,0,0,0,0,0,0,0,0,0,0,0,0,0,0,0,0,0,3,0,0,0,0,3,0,0,0,0,0,0,1,0,0,0,0,0,0,0,0,0,0,0,0,0,0,0,0,0,0,0,0,0,0,0,0,1,0,1,1,0,0,0,0,0,1,1,0,1,1,0,0,0,1,2,0,0,5,1,1,0,1,1,2,0,0,3,0,0,0,0,3,0,3,0,0,0,2,0,0,0,16,2,1,1,0,0
archi_X tecture_X,0,0,0,0,0,1,0,0,0,0,0,0,0,0,0,0,0,0,0,0,0,1,0,0,0,0,0,0,0,0,0,0,0,0,0,0,0,0,0,0,0,1,0,0,0,0,0,0,0,0,0,0,0,0,0,0,0,0,0,0,0,0,0,0,0,0,0,0,3,0,0,0,0,0,0,1,0,0,0,0,0,1,0,0,0,0,0,0,0,0,0,0,0,0,0,0,1,0,0,0,0,0,0,0,0,0,0,0,0,0,0,0,0,0,0,0,0,0,0,0,0,0,3,0,0,0,0,3,0,0,0,0,0,0,1,0,0,0,0,0,0,0,0,0,0,0,0,0,0,0,0,0,0,0,0,0,0,0,0,1,0,1,1,0,0,0,0,0,1,1,0,1,1,0,0,0,1,2,0,0,5,1,1,0,1,1,2,0,0,3,0,0,0,0,3,0,3,0,0,0,2,0,0,0,16,2,1,1,0,0
